ID,EVENT_TIMESTAMP,OS_USERNAME,DBUSERNAME,USERHOST,TERMINAL,SESSIONID,ACTION_NAME,OBJECT_SCHEMA,OBJECT_NAME,SQL_TEXT,RETURNCODE,PRIVILEGE_USED,STATEMENT,COMMENT_TEXT
1,2026-02-10 09:01:47,backup_agent,SYSTEM,backup-srv,pts/3,620,SELECT,HR,V$SESSION,SELECT * FROM EMP WHERE DEPTNO=10,0,SELECT ANY TABLE,4,Automated monitoring script
2,2026-01-15 22:38:01,backup_agent,AUDIT_USR,srv-oracle-02,pts/3,9754,LOGON,,,,0,ALTER SESSION,7,Application login via connection pool
3,2026-02-14 19:21:17,audit_user,SYSTEM,app-server-01,tty1,5735,SELECT,SYS,DBA_OBJECTS,SELECT * FROM EMP WHERE DEPTNO=10,0,ALTER SESSION,10,
4,2026-01-30 23:07:59,reports_user,MONITOR,srv-oracle-02,UNKNOWN,1239,SELECT,SCOTT,JOURNAL,SELECT * FROM DBA_OBJECTS WHERE OBJECT_TYPE='TABLE',0,SELECT ANY TABLE,14,DBA maintenance task
5,2026-01-06 13:55:06,reports_user,REPORT_USR,srv-oracle-02,UNKNOWN,4474,SELECT,SCOTT,CUSTOMERS,SELECT COUNT(*) FROM ORDERS WHERE STATUS='PENDING',0,CREATE SESSION,20,
6,2026-01-11 23:46:15,dbadmin,REPORT_USR,report-srv,tty1,1016,SELECT,SCOTT,PAYROLL,SELECT * FROM DBA_OBJECTS WHERE OBJECT_TYPE='TABLE',1031,SYSDBA,19,End of day reconciliation
7,2026-01-26 14:04:13,dbadmin,DBA_OPS,app-server-02,UNKNOWN,7617,LOGON,,,,942,DBA,24,Application login via connection pool
8,2026-01-16 23:34:16,dbadmin,SCOTT,backup-srv,pts/3,1589,DELETE,APP_SCHEMA,BUDGET,GRANT SELECT ON EMP TO REPORT_USR,955,SELECT ANY TABLE,25,Application login via connection pool
9,2026-02-10 11:50:43,dba_ops,BACKUP_USR,app-server-01,console,288,SELECT,APP_SCHEMA,PAYROLL,SELECT * FROM DBA_OBJECTS WHERE OBJECT_TYPE='TABLE',0,CREATE SESSION,32,DBA maintenance task
10,2026-02-19 16:07:18,backup_agent,SCOTT,backup-srv,pts/0,4989,SELECT,SYS,CUSTOMERS,"SELECT ENAME, SAL FROM EMP ORDER BY SAL DESC",0,SYSDBA,32,End of day reconciliation
11,2026-02-18 11:34:49,oracle,SYSTEM,app-server-01,tty1,5138,SELECT,SCOTT,CONTRACTS,SELECT DISTINCT STATUS FROM V$SESSION,0,SYSDBA,34,Automated monitoring script
12,2026-02-06 08:05:46,dba_ops,BACKUP_USR,srv-oracle-02,pts/2,8745,SELECT,HR,JOURNAL,SELECT COUNT(*) FROM ORDERS WHERE STATUS='PENDING',0,INSERT ANY TABLE,38,Performance audit
13,2026-02-18 12:45:19,sys,HR,srv-oracle-02,pts/0,5639,SELECT,AUDIT_SCHEMA,CUSTOMERS,SELECT DISTINCT STATUS FROM V$SESSION,1017,SELECT ANY TABLE,44,Performance audit
14,2026-01-15 13:00:04,reports_user,SYSTEM,backup-srv,pts/1,4662,INSERT,SYS,V$SESSION,UPDATE FACTURE SET STATUT='PAYE' WHERE ID=2045,0,UPDATE ANY TABLE,44,Performance audit
15,2026-01-09 21:15:50,audit_user,REPORT_USR,app-server-02,pts/3,7751,SELECT,SYS,AUDIT_LOG,SELECT * FROM EMP WHERE DEPTNO=10,955,SELECT ANY TABLE,46,Routine reporting query
16,2026-01-26 16:51:55,dba_ops,SCOTT,app-server-02,pts/1,4663,SELECT,HR,AUDIT_LOG,SELECT * FROM DBA_OBJECTS WHERE OBJECT_TYPE='TABLE',0,UPDATE ANY TABLE,50,Scheduled backup procedure
17,2026-01-29 23:06:03,sys,HR,srv-oracle-02,pts/3,8056,LOGOFF,,,,0,UPDATE ANY TABLE,53,
18,2026-01-04 11:24:00,backup_agent,DBA_OPS,srv-oracle-02,pts/1,4961,SELECT,SCOTT,CUSTOMERS,SELECT DISTINCT STATUS FROM V$SESSION,0,SYSDBA,55,Compliance check Q1-2026
19,2026-02-17 23:03:47,backup_agent,BACKUP_USR,srv-oracle-02,pts/0,8420,SELECT,AUDIT_SCHEMA,DEPT,SELECT DISTINCT STATUS FROM V$SESSION,0,CREATE SESSION,59,Scheduled backup procedure
20,2026-02-08 08:43:55,monitor_svc,MONITOR,srv-oracle-01,console,1443,SELECT,AUDIT_SCHEMA,FACTURE,SELECT COUNT(*) FROM ORDERS WHERE STATUS='PENDING',1,INSERT ANY TABLE,65,Compliance check Q1-2026
21,2026-02-03 16:59:16,system,APP_USER,app-server-02,pts/2,1288,SELECT,SCOTT,V$SESSION,SELECT DISTINCT STATUS FROM V$SESSION,942,SELECT ANY TABLE,67,Compliance check Q1-2026
22,2026-02-06 09:04:34,dbadmin,REPORT_USR,app-server-01,pts/1,7279,SELECT,SCOTT,CLIENT,SELECT * FROM EMP WHERE DEPTNO=10,0,ALTER SESSION,71,
23,2026-02-03 06:42:52,sys,SCOTT,app-server-01,pts/0,1853,LOGON,,,,0,DBA,72,DBA maintenance task
24,2026-02-08 12:45:21,oracle,SYSTEM,monitor-01,pts/3,4633,SELECT,APP_SCHEMA,ACCOUNTS,"SELECT ENAME, SAL FROM EMP ORDER BY SAL DESC",0,SELECT ANY TABLE,73,End of day reconciliation
25,2026-02-19 10:40:16,oracle,SYSTEM,srv-oracle-01,UNKNOWN,2542,SELECT,APP_SCHEMA,JOURNAL,SELECT * FROM DBA_OBJECTS WHERE OBJECT_TYPE='TABLE',1031,SELECT ANY TABLE,78,Compliance check Q1-2026
26,2026-02-05 10:27:08,dbadmin,HR,monitor-01,pts/0,5894,SELECT,SYS,ALL_TABLES,"SELECT ENAME, SAL FROM EMP ORDER BY SAL DESC",0,INSERT ANY TABLE,83,
27,2026-01-10 13:55:10,audit_user,HR,app-server-01,pts/1,1871,SELECT,HR,EMP,"SELECT ENAME, SAL FROM EMP ORDER BY SAL DESC",955,INSERT ANY TABLE,82,Emergency access - incident #4521
28,2026-01-15 12:52:58,oracle,HR,app-server-02,pts/2,4664,SELECT,HR,DBA_USERS,SELECT COUNT(*) FROM ORDERS WHERE STATUS='PENDING',1017,CREATE SESSION,87,End of day reconciliation
29,2026-02-11 22:25:43,system,MONITOR,app-server-01,pts/0,1876,SELECT,SYS,EMP,"SELECT ENAME, SAL FROM EMP ORDER BY SAL DESC",942,INSERT ANY TABLE,90,
30,2026-02-20 16:27:38,appuser,SYS,monitor-01,pts/3,127,SELECT,AUDIT_SCHEMA,PAYROLL,SELECT COUNT(*) FROM ORDERS WHERE STATUS='PENDING',0,SYSDBA,93,
31,2026-01-05 16:39:20,appuser,BACKUP_USR,app-server-01,UNKNOWN,6791,LOGOFF,,,,0,CREATE TABLE,97,
32,2026-01-19 23:08:12,appuser,AUDIT_USR,backup-srv,tty1,106,SELECT,AUDIT_SCHEMA,TRANSACTION,SELECT * FROM DBA_OBJECTS WHERE OBJECT_TYPE='TABLE',1,ALTER SESSION,99,Automated monitoring script
33,2026-01-28 16:29:28,sys,APP_USER,backup-srv,UNKNOWN,5591,SELECT,APP_SCHEMA,ACCOUNTS,SELECT COUNT(*) FROM ORDERS WHERE STATUS='PENDING',0,CREATE SESSION,101,
34,2026-01-20 13:51:12,monitor_svc,SYSTEM,app-server-02,pts/3,9531,SELECT,HR,DEPT,SELECT DISTINCT STATUS FROM V$SESSION,0,SYSDBA,106,Emergency access - incident #4521
35,2026-01-26 13:09:41,system,BACKUP_USR,app-server-02,pts/0,9232,INSERT,APP_SCHEMA,FACTURE,CREATE TABLE TEMP_REPORT AS SELECT * FROM ORDERS WHERE ROWNUM<1000,0,SYSDBA,106,Emergency access - incident #4521
36,2026-01-09 20:42:33,dba_ops,MONITOR,report-srv,UNKNOWN,8370,LOGON,,,,942,INSERT ANY TABLE,113,Emergency access - incident #4521
37,2026-01-11 21:28:16,dbadmin,APP_USER,app-server-02,pts/0,4781,EXECUTE,AUDIT_SCHEMA,V$SQL,"EXECUTE DBMS_STATS.GATHER_TABLE_STATS('HR','EMP')",0,SYSDBA,114,End of day reconciliation
38,2026-01-21 23:05:08,sys,AUDIT_USR,app-server-02,pts/2,8990,SELECT,HR,PAYROLL,SELECT COUNT(*) FROM ORDERS WHERE STATUS='PENDING',0,UPDATE ANY TABLE,118,Routine reporting query
39,2026-01-14 19:24:57,oracle,REPORT_USR,app-server-01,tty1,6489,GRANT,APP_SCHEMA,BUDGET,"EXECUTE DBMS_STATS.GATHER_TABLE_STATS('HR','EMP')",0,INSERT ANY TABLE,122,
40,2026-02-17 23:51:38,dba_ops,SYS,app-server-02,pts/2,6724,SELECT,SCOTT,V$SESSION,SELECT DISTINCT STATUS FROM V$SESSION,904,DBA,124,Application login via connection pool
41,2026-02-09 23:01:58,dba_ops,SCOTT,srv-oracle-01,pts/2,6311,SELECT,APP_SCHEMA,SALGRADE,SELECT COUNT(*) FROM ORDERS WHERE STATUS='PENDING',0,CREATE TABLE,125,Emergency access - incident #4521
42,2026-01-21 16:48:56,dba_ops,SYS,monitor-01,console,953,SELECT,SCOTT,ORDERS,SELECT * FROM EMP WHERE DEPTNO=10,0,CREATE TABLE,128,
43,2026-01-05 07:48:01,dbadmin,SCOTT,app-server-02,UNKNOWN,1974,SELECT,AUDIT_SCHEMA,EMP,SELECT COUNT(*) FROM ORDERS WHERE STATUS='PENDING',0,SYSDBA,133,
44,2026-01-17 17:10:38,system,APP_USER,srv-oracle-01,console,520,LOGON,,,,0,ALTER SESSION,137,
45,2026-01-25 18:45:12,sys,MONITOR,report-srv,pts/0,5788,SELECT,SCOTT,FACTURE,SELECT * FROM DBA_OBJECTS WHERE OBJECT_TYPE='TABLE',0,INSERT ANY TABLE,138,Scheduled backup procedure
46,2026-02-02 16:00:54,dba_ops,SCOTT,app-server-02,pts/1,8648,SELECT,APP_SCHEMA,FACTURE,"SELECT ENAME, SAL FROM EMP ORDER BY SAL DESC",904,ALTER SESSION,143,Performance audit
47,2026-02-19 21:29:27,appuser,DBA_OPS,srv-oracle-02,tty1,7713,UPDATE,HR,DBA_OBJECTS,DELETE FROM AUDIT_LOG WHERE TIMESTAMP < SYSDATE-90,0,INSERT ANY TABLE,144,Routine reporting query
48,2026-02-01 16:11:31,monitor_svc,APP_USER,backup-srv,pts/0,8564,SELECT,SCOTT,V$SQL,"SELECT ENAME, SAL FROM EMP ORDER BY SAL DESC",1017,SYSDBA,145,Automated monitoring script
49,2026-02-16 19:31:35,oracle,SYSTEM,app-server-01,pts/1,6725,EXECUTE,APP_SCHEMA,PRODUCTS,"EXECUTE DBMS_STATS.GATHER_TABLE_STATS('HR','EMP')",0,SYSDBA,150,
50,2026-02-07 17:30:35,reports_user,DBA_OPS,app-server-01,pts/2,4218,SELECT,AUDIT_SCHEMA,ORDERS,"SELECT ENAME, SAL FROM EMP ORDER BY SAL DESC",1017,SYSDBA,151,
51,2026-01-13 16:07:47,appuser,MONITOR,report-srv,console,9877,SELECT,HR,AUDIT_LOG,SELECT DISTINCT STATUS FROM V$SESSION,0,ALTER SESSION,154,Automated monitoring script
52,2026-01-19 13:23:11,oracle,SYS,backup-srv,pts/2,2168,SELECT,HR,JOURNAL,"SELECT ENAME, SAL FROM EMP ORDER BY SAL DESC",0,UPDATE ANY TABLE,157,Routine reporting query
53,2026-02-06 15:30:30,dba_ops,SYSTEM,report-srv,pts/0,6665,SELECT,SYS,TRANSACTION,"SELECT ENAME, SAL FROM EMP ORDER BY SAL DESC",942,UPDATE ANY TABLE,160,Compliance check Q1-2026
54,2026-02-10 07:09:09,sys,HR,srv-oracle-01,console,6918,LOGON,,,,0,SYSDBA,167,
55,2026-01-29 20:19:55,appuser,MONITOR,backup-srv,pts/0,1725,LOGON,,,,955,SYSDBA,167,DBA maintenance task
56,2026-02-12 08:10:15,dba_ops,MONITOR,app-server-02,pts/2,634,SELECT,SYS,TRANSACTION,SELECT DISTINCT STATUS FROM V$SESSION,0,SYSDBA,171,
57,2026-01-19 20:04:43,sys,BACKUP_USR,srv-oracle-02,UNKNOWN,2541,SELECT,HR,BUDGET,SELECT DISTINCT STATUS FROM V$SESSION,0,ALTER SESSION,173,Scheduled backup procedure
58,2026-01-04 11:50:19,dba_ops,SYSTEM,app-server-02,UNKNOWN,5082,LOGON,,,,0,INSERT ANY TABLE,177,Performance audit
59,2026-02-04 21:28:05,audit_user,REPORT_USR,backup-srv,pts/2,523,LOGON,,,,0,CREATE SESSION,179,
60,2026-02-23 06:48:43,dba_ops,APP_USER,srv-oracle-02,console,7241,SELECT,APP_SCHEMA,TRANSACTION,SELECT * FROM DBA_OBJECTS WHERE OBJECT_TYPE='TABLE',0,UPDATE ANY TABLE,181,Emergency access - incident #4521
61,2026-01-23 19:21:20,system,REPORT_USR,app-server-02,UNKNOWN,8217,LOGOFF,,,,0,ALTER SESSION,187,Performance audit
62,2026-01-03 20:05:20,oracle,BACKUP_USR,app-server-02,pts/3,988,SELECT,APP_SCHEMA,FACTURE,SELECT * FROM DBA_OBJECTS WHERE OBJECT_TYPE='TABLE',942,SYSDBA,191,End of day reconciliation
63,2026-02-09 21:40:28,appuser,DBA_OPS,monitor-01,pts/3,2089,EXECUTE,SCOTT,AUDIT_LOG,"INSERT INTO ORDERS VALUES(:1,:2,:3,:4)",0,SELECT ANY TABLE,194,Automated monitoring script
64,2026-02-15 11:19:35,dba_ops,SYSTEM,monitor-01,tty1,2622,SELECT,HR,SALGRADE,SELECT * FROM EMP WHERE DEPTNO=10,955,UPDATE ANY TABLE,195,Performance audit
65,2026-02-15 14:26:53,system,AUDIT_USR,srv-oracle-02,console,8427,SELECT,APP_SCHEMA,V$SESSION,SELECT * FROM DBA_OBJECTS WHERE OBJECT_TYPE='TABLE',904,DBA,196,DBA maintenance task
66,2026-02-19 19:21:59,monitor_svc,MONITOR,monitor-01,pts/3,2534,SELECT,SCOTT,EMP,"SELECT ENAME, SAL FROM EMP ORDER BY SAL DESC",0,UPDATE ANY TABLE,203,Emergency access - incident #4521
67,2026-01-23 16:35:48,dbadmin,MONITOR,app-server-02,pts/1,6830,SELECT,SCOTT,CUSTOMERS,SELECT COUNT(*) FROM ORDERS WHERE STATUS='PENDING',1,SELECT ANY TABLE,204,
68,2026-01-31 18:24:42,dba_ops,SYS,srv-oracle-02,console,9769,LOGOFF,,,,0,CREATE TABLE,205,Emergency access - incident #4521
69,2026-01-07 22:58:29,dba_ops,APP_USER,app-server-01,console,6612,SELECT,HR,ORDERS,SELECT * FROM EMP WHERE DEPTNO=10,0,CREATE SESSION,210,
70,2026-02-24 23:24:20,backup_agent,SYS,backup-srv,pts/0,3946,LOGOFF,,,,904,ALTER SESSION,212,
71,2026-01-06 19:06:48,dba_ops,SCOTT,monitor-01,pts/2,574,LOGOFF,,,,0,SELECT ANY TABLE,216,Routine reporting query
72,2026-01-19 17:23:27,system,SCOTT,srv-oracle-02,pts/0,6367,SELECT,APP_SCHEMA,ACCOUNTS,SELECT * FROM DBA_OBJECTS WHERE OBJECT_TYPE='TABLE',0,SYSDBA,220,Compliance check Q1-2026
73,2026-01-10 13:29:40,appuser,BACKUP_USR,srv-oracle-02,pts/0,7337,SELECT,SYS,V$SQL,SELECT DISTINCT STATUS FROM V$SESSION,1031,CREATE TABLE,224,DBA maintenance task
74,2026-02-10 19:44:16,sys,HR,app-server-02,console,5981,SELECT,APP_SCHEMA,AUDIT_LOG,SELECT DISTINCT STATUS FROM V$SESSION,0,ALTER SESSION,225,Routine reporting query
75,2026-02-23 18:17:00,monitor_svc,DBA_OPS,report-srv,pts/2,3870,LOGON,,,,0,CREATE TABLE,227,
76,2026-01-13 14:43:48,dba_ops,SYS,backup-srv,pts/2,2253,UPDATE,SYS,FACTURE,DROP TABLE TEMP_REPORT,0,CREATE SESSION,231,End of day reconciliation
77,2026-02-17 19:11:12,system,APP_USER,report-srv,pts/3,4935,SELECT,AUDIT_SCHEMA,ACCOUNTS,"SELECT ENAME, SAL FROM EMP ORDER BY SAL DESC",1017,CREATE TABLE,232,Emergency access - incident #4521
78,2026-01-05 10:48:14,backup_agent,REPORT_USR,srv-oracle-01,tty1,6564,LOGOFF,,,,1,SELECT ANY TABLE,237,Performance audit
79,2026-01-08 20:23:43,sys,HR,app-server-02,pts/0,9298,DELETE,APP_SCHEMA,BUDGET,GRANT SELECT ON EMP TO REPORT_USR,0,CREATE TABLE,242,Automated monitoring script
80,2026-02-11 08:40:52,oracle,SYS,app-server-01,pts/3,2002,SELECT,SYS,ORDERS,SELECT COUNT(*) FROM ORDERS WHERE STATUS='PENDING',0,CREATE SESSION,242,Performance audit
81,2026-01-09 18:29:23,monitor_svc,SCOTT,app-server-02,UNKNOWN,1722,LOGOFF,,,,955,UPDATE ANY TABLE,248,
82,2026-01-18 07:44:23,sys,REPORT_USR,backup-srv,UNKNOWN,5976,SELECT,HR,CUSTOMERS,"SELECT ENAME, SAL FROM EMP ORDER BY SAL DESC",1031,SELECT ANY TABLE,250,DBA maintenance task
83,2026-01-13 09:54:52,oracle,REPORT_USR,srv-oracle-02,pts/1,9350,SELECT,AUDIT_SCHEMA,AUDIT_LOG,SELECT * FROM EMP WHERE DEPTNO=10,0,SYSDBA,250,Performance audit
84,2026-01-14 12:52:55,appuser,SCOTT,srv-oracle-02,console,4206,SELECT,AUDIT_SCHEMA,CLIENT,SELECT * FROM EMP WHERE DEPTNO=10,942,DBA,253,
85,2026-02-25 06:08:00,system,APP_USER,srv-oracle-01,pts/1,6997,SELECT,SCOTT,BUDGET,SELECT * FROM EMP WHERE DEPTNO=10,0,CREATE SESSION,256,Emergency access - incident #4521
86,2026-01-29 17:32:37,oracle,BACKUP_USR,app-server-01,pts/3,610,SELECT,HR,ACCOUNTS,SELECT * FROM DBA_OBJECTS WHERE OBJECT_TYPE='TABLE',1031,SELECT ANY TABLE,262,
87,2026-01-28 09:31:45,system,SYSTEM,srv-oracle-02,pts/2,9690,SELECT,SCOTT,SALGRADE,SELECT * FROM DBA_OBJECTS WHERE OBJECT_TYPE='TABLE',0,CREATE TABLE,265,Compliance check Q1-2026
88,2026-02-03 15:29:32,sys,SYSTEM,report-srv,UNKNOWN,9133,LOGON,,,,955,SYSDBA,268,Emergency access - incident #4521
89,2026-01-15 19:21:52,audit_user,REPORT_USR,monitor-01,pts/2,6232,SELECT,SYS,ORDERS,"SELECT ENAME, SAL FROM EMP ORDER BY SAL DESC",1,DBA,271,Scheduled backup procedure
90,2026-01-06 08:05:27,monitor_svc,BACKUP_USR,backup-srv,pts/2,2102,SELECT,AUDIT_SCHEMA,CLIENT,SELECT * FROM EMP WHERE DEPTNO=10,1017,INSERT ANY TABLE,273,
91,2026-02-18 19:55:58,reports_user,SYSTEM,backup-srv,console,3585,UPDATE,AUDIT_SCHEMA,DBA_USERS,DROP TABLE TEMP_REPORT,0,DBA,277,Automated monitoring script
92,2026-02-24 09:22:54,sys,APP_USER,backup-srv,pts/1,7130,LOGON,,,,1017,SELECT ANY TABLE,281,
93,2026-02-23 14:01:11,system,SCOTT,backup-srv,UNKNOWN,6666,SELECT,SCOTT,DBA_OBJECTS,SELECT * FROM EMP WHERE DEPTNO=10,0,CREATE SESSION,281,
94,2026-02-10 06:05:47,reports_user,SCOTT,app-server-01,pts/2,5414,SELECT,APP_SCHEMA,PAYROLL,SELECT DISTINCT STATUS FROM V$SESSION,0,CREATE SESSION,283,Application login via connection pool
95,2026-01-11 07:43:05,dba_ops,AUDIT_USR,app-server-01,pts/1,8494,SELECT,APP_SCHEMA,ORDERS,SELECT * FROM DBA_OBJECTS WHERE OBJECT_TYPE='TABLE',1031,CREATE SESSION,288,
96,2026-01-08 15:43:43,backup_agent,APP_USER,srv-oracle-01,pts/1,6575,LOGON,,,,904,SELECT ANY TABLE,289,Automated monitoring script
97,2026-01-20 12:49:08,oracle,DBA_OPS,monitor-01,pts/3,2978,EXECUTE,SCOTT,DBA_USERS,DELETE FROM AUDIT_LOG WHERE TIMESTAMP < SYSDATE-90,0,DBA,295,Performance audit
98,2026-02-15 13:32:35,sys,AUDIT_USR,report-srv,UNKNOWN,793,LOGOFF,,,,1017,INSERT ANY TABLE,295,Emergency access - incident #4521
99,2026-01-05 16:36:27,audit_user,APP_USER,srv-oracle-01,pts/3,441,LOGON,,,,1,CREATE TABLE,299,Compliance check Q1-2026
100,2026-01-30 17:05:27,backup_agent,SYSTEM,app-server-02,tty1,5183,SELECT,AUDIT_SCHEMA,ORDERS,SELECT DISTINCT STATUS FROM V$SESSION,0,CREATE TABLE,302,End of day reconciliation
101,2026-02-19 11:04:32,backup_agent,BACKUP_USR,srv-oracle-02,tty1,5824,LOGOFF,,,,0,CREATE TABLE,305,Automated monitoring script
102,2026-01-07 10:16:12,dba_ops,MONITOR,report-srv,console,7454,SELECT,HR,SALGRADE,SELECT DISTINCT STATUS FROM V$SESSION,0,CREATE TABLE,309,Application login via connection pool
103,2026-01-29 08:30:28,appuser,MONITOR,srv-oracle-01,pts/2,8412,LOGOFF,,,,0,CREATE SESSION,312,Emergency access - incident #4521
104,2026-01-29 07:03:23,backup_agent,AUDIT_USR,app-server-02,console,9181,SELECT,AUDIT_SCHEMA,SALGRADE,SELECT * FROM DBA_OBJECTS WHERE OBJECT_TYPE='TABLE',0,SELECT ANY TABLE,316,Compliance check Q1-2026
105,2026-02-11 12:20:38,reports_user,SYSTEM,backup-srv,UNKNOWN,2927,SELECT,APP_SCHEMA,DEPT,SELECT * FROM EMP WHERE DEPTNO=10,0,SELECT ANY TABLE,317,
106,2026-01-29 20:33:33,reports_user,REPORT_USR,app-server-01,pts/3,6797,LOGON,,,,0,CREATE TABLE,323,Routine reporting query
107,2026-02-20 16:04:21,system,REPORT_USR,srv-oracle-01,console,2417,SELECT,SCOTT,DBA_USERS,SELECT * FROM DBA_OBJECTS WHERE OBJECT_TYPE='TABLE',1,CREATE TABLE,324,
108,2026-02-14 18:08:38,reports_user,SCOTT,monitor-01,UNKNOWN,8724,INSERT,AUDIT_SCHEMA,DBA_USERS,REVOKE DBA FROM SCOTT,0,CREATE SESSION,328,Performance audit
109,2026-01-24 06:23:19,dbadmin,SCOTT,srv-oracle-02,pts/0,4946,SELECT,APP_SCHEMA,DBA_OBJECTS,SELECT COUNT(*) FROM ORDERS WHERE STATUS='PENDING',0,CREATE SESSION,332,Performance audit
110,2026-02-23 22:02:42,system,SCOTT,report-srv,UNKNOWN,2812,SELECT,APP_SCHEMA,CONTRACTS,SELECT COUNT(*) FROM ORDERS WHERE STATUS='PENDING',0,UPDATE ANY TABLE,331,
111,2026-01-24 13:28:39,appuser,DBA_OPS,report-srv,pts/1,6126,SELECT,AUDIT_SCHEMA,V$SESSION,SELECT COUNT(*) FROM ORDERS WHERE STATUS='PENDING',1031,UPDATE ANY TABLE,337,DBA maintenance task
112,2026-02-19 18:32:33,appuser,SYS,monitor-01,pts/3,6181,SELECT,AUDIT_SCHEMA,AUDIT_LOG,SELECT COUNT(*) FROM ORDERS WHERE STATUS='PENDING',0,CREATE SESSION,341,Scheduled backup procedure
113,2026-01-19 08:48:10,sys,HR,report-srv,pts/3,5827,SELECT,HR,ACCOUNTS,SELECT DISTINCT STATUS FROM V$SESSION,1031,SELECT ANY TABLE,343,Routine reporting query
114,2026-01-26 22:23:15,reports_user,SYSTEM,report-srv,UNKNOWN,5593,SELECT,HR,ALL_TABLES,SELECT * FROM EMP WHERE DEPTNO=10,0,DBA,344,Routine reporting query
115,2026-01-19 21:44:53,sys,SYS,app-server-01,pts/1,2549,SELECT,AUDIT_SCHEMA,CUSTOMERS,SELECT * FROM EMP WHERE DEPTNO=10,904,INSERT ANY TABLE,346,DBA maintenance task
116,2026-01-16 15:07:03,sys,DBA_OPS,backup-srv,console,369,SELECT,APP_SCHEMA,CONTRACTS,SELECT * FROM EMP WHERE DEPTNO=10,955,SYSDBA,350,DBA maintenance task
117,2026-01-28 06:39:22,reports_user,SYSTEM,backup-srv,console,8412,SELECT,SYS,TRANSACTION,SELECT * FROM DBA_OBJECTS WHERE OBJECT_TYPE='TABLE',955,SELECT ANY TABLE,355,Emergency access - incident #4521
118,2026-01-03 18:23:16,dbadmin,SYSTEM,report-srv,console,5547,DELETE,SYS,ALL_TABLES,GRANT SELECT ON EMP TO REPORT_USR,0,DBA,355,End of day reconciliation
119,2026-02-04 16:52:41,sys,DBA_OPS,srv-oracle-01,pts/2,3402,SELECT,HR,PRODUCTS,SELECT COUNT(*) FROM ORDERS WHERE STATUS='PENDING',1031,SELECT ANY TABLE,359,Routine reporting query
120,2026-01-21 15:32:25,appuser,REPORT_USR,report-srv,tty1,883,SELECT,SYS,V$SQL,SELECT COUNT(*) FROM ORDERS WHERE STATUS='PENDING',904,CREATE TABLE,363,Scheduled backup procedure
121,2026-02-21 17:27:56,dba_ops,DBA_OPS,app-server-01,tty1,8607,SELECT,SCOTT,PAYROLL,SELECT COUNT(*) FROM ORDERS WHERE STATUS='PENDING',1031,ALTER SESSION,364,
122,2026-01-28 08:27:38,reports_user,APP_USER,app-server-01,pts/3,9973,SELECT,SYS,DBA_OBJECTS,SELECT * FROM EMP WHERE DEPTNO=10,0,INSERT ANY TABLE,368,
123,2026-01-29 17:28:02,oracle,SYSTEM,monitor-01,UNKNOWN,6755,UPDATE,APP_SCHEMA,CONTRACTS,DROP TABLE TEMP_REPORT,1017,CREATE TABLE,374,
124,2026-02-13 11:01:09,oracle,SCOTT,srv-oracle-01,pts/1,6101,LOGON,,,,1031,CREATE TABLE,376,Compliance check Q1-2026
125,2026-01-03 10:43:28,system,BACKUP_USR,app-server-01,pts/3,5250,SELECT,SYS,CUSTOMERS,SELECT * FROM DBA_OBJECTS WHERE OBJECT_TYPE='TABLE',1017,ALTER SESSION,377,Scheduled backup procedure
126,2026-01-02 11:31:33,dbadmin,MONITOR,app-server-01,UNKNOWN,8147,SELECT,SCOTT,V$SQL,SELECT DISTINCT STATUS FROM V$SESSION,0,SYSDBA,379,Application login via connection pool
127,2026-02-24 08:28:11,sys,BACKUP_USR,backup-srv,pts/2,5014,UPDATE,SCOTT,SALGRADE,GRANT SELECT ON EMP TO REPORT_USR,1031,DBA,383,End of day reconciliation
128,2026-02-02 13:07:12,backup_agent,MONITOR,app-server-01,pts/3,9138,SELECT,SYS,PRODUCTS,"SELECT ENAME, SAL FROM EMP ORDER BY SAL DESC",0,DBA,389,Scheduled backup procedure
129,2026-01-05 15:25:45,monitor_svc,SYSTEM,srv-oracle-02,pts/2,1315,UPDATE,APP_SCHEMA,ACCOUNTS,REVOKE DBA FROM SCOTT,904,UPDATE ANY TABLE,391,
130,2026-02-03 17:08:56,sys,BACKUP_USR,srv-oracle-02,pts/2,2797,REVOKE,APP_SCHEMA,CLIENT,UPDATE FACTURE SET STATUT='PAYE' WHERE ID=2045,0,DBA,393,
131,2026-01-15 17:33:57,appuser,SCOTT,monitor-01,pts/2,8840,SELECT,HR,V$SQL,SELECT * FROM DBA_OBJECTS WHERE OBJECT_TYPE='TABLE',0,CREATE SESSION,398,
132,2026-01-11 10:10:42,monitor_svc,SYS,report-srv,tty1,564,LOGON,,,,942,CREATE SESSION,397,
133,2026-02-19 14:41:13,backup_agent,APP_USER,monitor-01,pts/2,8012,GRANT,SYS,CONTRACTS,"EXECUTE DBMS_STATS.GATHER_TABLE_STATS('HR','EMP')",955,SYSDBA,403,DBA maintenance task
134,2026-01-30 08:44:03,dbadmin,REPORT_USR,backup-srv,pts/1,5221,SELECT,APP_SCHEMA,ORDERS,SELECT DISTINCT STATUS FROM V$SESSION,1031,CREATE TABLE,405,
135,2026-01-09 17:32:35,appuser,DBA_OPS,srv-oracle-02,pts/1,1686,SELECT,APP_SCHEMA,V$SESSION,SELECT * FROM EMP WHERE DEPTNO=10,942,SELECT ANY TABLE,408,
136,2026-02-25 19:15:55,system,DBA_OPS,backup-srv,pts/3,8271,SELECT,SCOTT,BUDGET,SELECT COUNT(*) FROM ORDERS WHERE STATUS='PENDING',942,ALTER SESSION,412,Routine reporting query
137,2026-01-06 18:32:29,oracle,APP_USER,app-server-02,console,7810,SELECT,SCOTT,BUDGET,SELECT * FROM EMP WHERE DEPTNO=10,0,ALTER SESSION,416,Routine reporting query
138,2026-02-24 09:27:08,audit_user,SYS,backup-srv,console,3289,SELECT,SCOTT,PAYROLL,SELECT * FROM EMP WHERE DEPTNO=10,1017,CREATE TABLE,419,DBA maintenance task
139,2026-01-05 18:32:28,system,SYSTEM,app-server-02,pts/2,5655,EXECUTE,AUDIT_SCHEMA,CONTRACTS,DELETE FROM AUDIT_LOG WHERE TIMESTAMP < SYSDATE-90,0,CREATE TABLE,419,Automated monitoring script
140,2026-02-08 22:25:32,dba_ops,BACKUP_USR,app-server-02,pts/1,8546,SELECT,HR,DEPT,"SELECT ENAME, SAL FROM EMP ORDER BY SAL DESC",0,DBA,423,Compliance check Q1-2026
141,2026-01-21 11:25:39,monitor_svc,APP_USER,app-server-02,tty1,372,DELETE,SCOTT,BUDGET,"EXECUTE DBMS_STATS.GATHER_TABLE_STATS('HR','EMP')",0,CREATE TABLE,426,
142,2026-01-08 19:37:19,monitor_svc,MONITOR,srv-oracle-02,UNKNOWN,941,UPDATE,APP_SCHEMA,CONTRACTS,DROP TABLE TEMP_REPORT,0,UPDATE ANY TABLE,428,Performance audit
143,2026-02-10 18:09:52,oracle,MONITOR,monitor-01,pts/0,3225,LOGOFF,,,,0,SELECT ANY TABLE,433,End of day reconciliation
144,2026-01-27 10:26:44,oracle,SCOTT,backup-srv,pts/1,9289,SELECT,AUDIT_SCHEMA,ACCOUNTS,SELECT DISTINCT STATUS FROM V$SESSION,955,CREATE TABLE,436,Performance audit
145,2026-01-25 16:11:29,monitor_svc,DBA_OPS,srv-oracle-02,pts/1,4671,SELECT,SCOTT,JOURNAL,"SELECT ENAME, SAL FROM EMP ORDER BY SAL DESC",942,ALTER SESSION,437,DBA maintenance task
146,2026-02-19 15:45:13,backup_agent,APP_USER,app-server-01,pts/0,9495,INSERT,APP_SCHEMA,DBA_OBJECTS,GRANT SELECT ON EMP TO REPORT_USR,904,INSERT ANY TABLE,442,End of day reconciliation
147,2026-02-19 10:18:02,dba_ops,HR,srv-oracle-02,tty1,8924,SELECT,APP_SCHEMA,ALL_TABLES,"SELECT ENAME, SAL FROM EMP ORDER BY SAL DESC",0,ALTER SESSION,446,
148,2026-01-18 10:06:39,dbadmin,SYS,srv-oracle-01,pts/3,5511,DELETE,SYS,V$SESSION,CREATE TABLE TEMP_REPORT AS SELECT * FROM ORDERS WHERE ROWNUM<1000,0,UPDATE ANY TABLE,445,
149,2026-02-19 10:00:35,appuser,REPORT_USR,app-server-01,UNKNOWN,1069,SELECT,APP_SCHEMA,PRODUCTS,SELECT COUNT(*) FROM ORDERS WHERE STATUS='PENDING',955,CREATE SESSION,452,Automated monitoring script
150,2026-02-04 07:58:58,dba_ops,SCOTT,monitor-01,tty1,4842,SELECT,SYS,TRANSACTION,SELECT DISTINCT STATUS FROM V$SESSION,955,SELECT ANY TABLE,451,DBA maintenance task
151,2026-02-06 09:59:21,system,BACKUP_USR,app-server-02,pts/2,3259,SELECT,AUDIT_SCHEMA,JOURNAL,SELECT DISTINCT STATUS FROM V$SESSION,1031,CREATE SESSION,456,Application login via connection pool
152,2026-02-16 20:41:16,monitor_svc,HR,srv-oracle-02,console,6743,UPDATE,SCOTT,EMP,DROP TABLE TEMP_REPORT,0,INSERT ANY TABLE,461,End of day reconciliation
153,2026-01-06 18:42:06,oracle,APP_USER,app-server-02,pts/1,7419,SELECT,SCOTT,PRODUCTS,SELECT COUNT(*) FROM ORDERS WHERE STATUS='PENDING',0,ALTER SESSION,462,DBA maintenance task
154,2026-02-07 06:16:41,appuser,SCOTT,app-server-02,UNKNOWN,8333,SELECT,SYS,DEPT,SELECT DISTINCT STATUS FROM V$SESSION,0,ALTER SESSION,463,
155,2026-01-19 17:39:14,monitor_svc,REPORT_USR,app-server-02,UNKNOWN,9098,SELECT,HR,PRODUCTS,SELECT DISTINCT STATUS FROM V$SESSION,0,UPDATE ANY TABLE,470,
156,2026-02-22 12:48:15,backup_agent,DBA_OPS,backup-srv,UNKNOWN,6027,LOGOFF,,,,0,CREATE SESSION,473,Scheduled backup procedure
157,2026-01-04 23:57:32,dba_ops,SYSTEM,monitor-01,pts/1,9654,SELECT,SCOTT,TRANSACTION,SELECT * FROM DBA_OBJECTS WHERE OBJECT_TYPE='TABLE',0,UPDATE ANY TABLE,472,Performance audit
158,2026-01-29 07:29:08,backup_agent,DBA_OPS,monitor-01,tty1,5149,SELECT,AUDIT_SCHEMA,CUSTOMERS,SELECT * FROM EMP WHERE DEPTNO=10,955,SELECT ANY TABLE,478,DBA maintenance task
159,2026-02-22 06:47:13,oracle,AUDIT_USR,app-server-01,UNKNOWN,1144,LOGON,,,,0,SELECT ANY TABLE,478,Emergency access - incident #4521
160,2026-01-03 15:26:11,dba_ops,AUDIT_USR,app-server-02,pts/0,8935,GRANT,SCOTT,ORDERS,REVOKE DBA FROM SCOTT,0,DBA,483,Scheduled backup procedure
161,2026-01-12 23:25:33,dba_ops,BACKUP_USR,app-server-02,console,6314,SELECT,SYS,EMP,"SELECT ENAME, SAL FROM EMP ORDER BY SAL DESC",0,SYSDBA,485,Emergency access - incident #4521
162,2026-01-23 10:17:12,dbadmin,HR,srv-oracle-01,pts/0,9831,UPDATE,APP_SCHEMA,DEPT,UPDATE FACTURE SET STATUT='PAYE' WHERE ID=2045,0,SELECT ANY TABLE,490,Compliance check Q1-2026
163,2026-02-13 07:15:47,dbadmin,SYS,srv-oracle-02,console,4839,SELECT,HR,CUSTOMERS,SELECT * FROM DBA_OBJECTS WHERE OBJECT_TYPE='TABLE',1,SYSDBA,494,End of day reconciliation
164,2026-02-06 16:15:19,oracle,BACKUP_USR,backup-srv,UNKNOWN,2969,SELECT,SCOTT,ORDERS,"SELECT ENAME, SAL FROM EMP ORDER BY SAL DESC",0,INSERT ANY TABLE,497,Emergency access - incident #4521
165,2026-01-04 17:41:42,appuser,AUDIT_USR,srv-oracle-02,tty1,8913,SELECT,APP_SCHEMA,ORDERS,SELECT COUNT(*) FROM ORDERS WHERE STATUS='PENDING',942,UPDATE ANY TABLE,497,Automated monitoring script
166,2026-01-20 10:51:29,system,AUDIT_USR,srv-oracle-02,pts/2,3431,SELECT,AUDIT_SCHEMA,ORDERS,SELECT * FROM DBA_OBJECTS WHERE OBJECT_TYPE='TABLE',955,CREATE TABLE,499,Emergency access - incident #4521
167,2026-02-24 17:05:34,monitor_svc,MONITOR,srv-oracle-01,tty1,1292,UPDATE,SCOTT,DEPT,REVOKE DBA FROM SCOTT,0,SYSDBA,506,
168,2026-02-12 23:13:30,dbadmin,SYSTEM,monitor-01,tty1,7946,SELECT,SYS,DBA_USERS,SELECT COUNT(*) FROM ORDERS WHERE STATUS='PENDING',942,SYSDBA,509,
169,2026-01-14 18:58:15,appuser,AUDIT_USR,app-server-02,console,5986,LOGON,,,,942,ALTER SESSION,510,End of day reconciliation
170,2026-02-02 21:29:06,reports_user,AUDIT_USR,srv-oracle-01,console,3725,UPDATE,HR,DBA_OBJECTS,GRANT SELECT ON EMP TO REPORT_USR,904,DBA,511,DBA maintenance task
171,2026-02-05 19:18:09,dbadmin,DBA_OPS,backup-srv,UNKNOWN,5630,SELECT,APP_SCHEMA,V$SESSION,SELECT * FROM DBA_OBJECTS WHERE OBJECT_TYPE='TABLE',942,ALTER SESSION,517,
172,2026-02-11 21:29:10,system,BACKUP_USR,monitor-01,pts/0,8684,UPDATE,HR,TRANSACTION,"EXECUTE DBMS_STATS.GATHER_TABLE_STATS('HR','EMP')",1017,SELECT ANY TABLE,517,
173,2026-01-04 06:26:08,sys,SCOTT,srv-oracle-01,pts/1,8385,LOGOFF,,,,0,UPDATE ANY TABLE,522,Routine reporting query
174,2026-02-09 21:42:31,oracle,SYS,backup-srv,UNKNOWN,4601,SELECT,AUDIT_SCHEMA,JOURNAL,SELECT DISTINCT STATUS FROM V$SESSION,0,ALTER SESSION,523,Performance audit
175,2026-02-22 19:51:58,dbadmin,HR,backup-srv,console,4235,SELECT,AUDIT_SCHEMA,FACTURE,SELECT COUNT(*) FROM ORDERS WHERE STATUS='PENDING',0,CREATE TABLE,528,
176,2026-01-06 17:25:29,dbadmin,APP_USER,monitor-01,tty1,1420,LOGON,,,,0,SELECT ANY TABLE,529,
177,2026-01-25 18:35:30,audit_user,REPORT_USR,backup-srv,tty1,1662,SELECT,SYS,TRANSACTION,SELECT DISTINCT STATUS FROM V$SESSION,0,SELECT ANY TABLE,533,Automated monitoring script
178,2026-02-25 21:17:02,system,REPORT_USR,srv-oracle-01,pts/1,9717,SELECT,AUDIT_SCHEMA,JOURNAL,SELECT * FROM EMP WHERE DEPTNO=10,0,DBA,538,Scheduled backup procedure
179,2026-01-20 11:36:15,backup_agent,REPORT_USR,app-server-02,tty1,2392,LOGON,,,,1,CREATE SESSION,542,
180,2026-01-23 07:06:27,monitor_svc,AUDIT_USR,report-srv,pts/2,585,SELECT,AUDIT_SCHEMA,DBA_OBJECTS,SELECT * FROM DBA_OBJECTS WHERE OBJECT_TYPE='TABLE',0,ALTER SESSION,544,Emergency access - incident #4521
181,2026-01-15 17:35:24,monitor_svc,APP_USER,report-srv,pts/1,1304,SELECT,APP_SCHEMA,BUDGET,SELECT * FROM EMP WHERE DEPTNO=10,0,CREATE SESSION,546,Application login via connection pool
182,2026-01-25 10:47:24,appuser,DBA_OPS,app-server-01,tty1,4519,SELECT,SYS,FACTURE,SELECT * FROM EMP WHERE DEPTNO=10,1017,CREATE SESSION,548,Scheduled backup procedure
183,2026-01-12 19:28:35,sys,SYS,srv-oracle-01,pts/2,9180,LOGON,,,,955,CREATE SESSION,554,Compliance check Q1-2026
184,2026-02-20 16:55:24,backup_agent,HR,backup-srv,console,2878,SELECT,APP_SCHEMA,ORDERS,SELECT * FROM EMP WHERE DEPTNO=10,0,INSERT ANY TABLE,554,Application login via connection pool
185,2026-01-18 15:17:31,audit_user,APP_USER,app-server-02,tty1,1360,SELECT,APP_SCHEMA,TRANSACTION,"SELECT ENAME, SAL FROM EMP ORDER BY SAL DESC",0,CREATE TABLE,558,Automated monitoring script
186,2026-02-16 21:38:39,oracle,AUDIT_USR,app-server-01,tty1,6324,SELECT,HR,FACTURE,"SELECT ENAME, SAL FROM EMP ORDER BY SAL DESC",1031,CREATE TABLE,562,End of day reconciliation
187,2026-01-28 10:19:20,dba_ops,REPORT_USR,srv-oracle-02,pts/3,5328,LOGON,,,,0,ALTER SESSION,565,Compliance check Q1-2026
188,2026-02-20 13:20:24,dbadmin,MONITOR,backup-srv,pts/1,9112,SELECT,SYS,ALL_TABLES,SELECT * FROM DBA_OBJECTS WHERE OBJECT_TYPE='TABLE',1,SELECT ANY TABLE,568,
189,2026-01-14 20:51:18,appuser,HR,app-server-01,UNKNOWN,2625,INSERT,APP_SCHEMA,ORDERS,"INSERT INTO ORDERS VALUES(:1,:2,:3,:4)",0,INSERT ANY TABLE,571,Scheduled backup procedure
190,2026-01-29 21:37:25,backup_agent,MONITOR,monitor-01,pts/0,1891,SELECT,SYS,JOURNAL,"SELECT ENAME, SAL FROM EMP ORDER BY SAL DESC",955,SYSDBA,573,Application login via connection pool
191,2026-02-11 07:36:41,reports_user,AUDIT_USR,srv-oracle-01,pts/0,1715,LOGOFF,,,,1,ALTER SESSION,575,Performance audit
192,2026-02-17 22:35:37,dba_ops,MONITOR,monitor-01,console,2569,INSERT,SCOTT,CUSTOMERS,REVOKE DBA FROM SCOTT,0,CREATE TABLE,577,Emergency access - incident #4521
193,2026-01-07 15:26:58,reports_user,DBA_OPS,report-srv,pts/1,8637,SELECT,SCOTT,CLIENT,"SELECT ENAME, SAL FROM EMP ORDER BY SAL DESC",0,UPDATE ANY TABLE,582,Emergency access - incident #4521
194,2026-01-07 20:46:44,sys,SYS,report-srv,pts/2,1891,SELECT,SCOTT,SALGRADE,SELECT * FROM EMP WHERE DEPTNO=10,942,DBA,584,Performance audit
195,2026-01-12 23:10:21,dba_ops,HR,report-srv,pts/3,3122,LOGON,,,,955,DBA,589,
196,2026-01-02 12:28:37,appuser,SYSTEM,backup-srv,pts/0,8896,SELECT,HR,EMP,SELECT COUNT(*) FROM ORDERS WHERE STATUS='PENDING',1,DBA,591,End of day reconciliation
197,2026-01-13 20:07:16,backup_agent,REPORT_USR,backup-srv,pts/3,6531,LOGOFF,,,,904,CREATE SESSION,594,End of day reconciliation
198,2026-02-24 20:39:11,monitor_svc,MONITOR,srv-oracle-01,UNKNOWN,2294,LOGOFF,,,,0,CREATE TABLE,595,Automated monitoring script
199,2026-01-20 09:11:23,monitor_svc,SCOTT,backup-srv,pts/3,7031,INSERT,APP_SCHEMA,ACCOUNTS,REVOKE DBA FROM SCOTT,0,DBA,601,
200,2026-02-04 11:35:10,dba_ops,MONITOR,srv-oracle-01,tty1,5982,SELECT,HR,CLIENT,"SELECT ENAME, SAL FROM EMP ORDER BY SAL DESC",0,SELECT ANY TABLE,604,Application login via connection pool
201,2026-01-13 18:35:32,audit_user,DBA_OPS,app-server-02,UNKNOWN,7372,LOGOFF,,,,904,UPDATE ANY TABLE,605,Scheduled backup procedure
202,2026-02-06 06:50:48,backup_agent,APP_USER,srv-oracle-02,tty1,7592,SELECT,SCOTT,DEPT,SELECT COUNT(*) FROM ORDERS WHERE STATUS='PENDING',0,UPDATE ANY TABLE,611,Performance audit
203,2026-01-08 09:17:49,backup_agent,HR,app-server-02,pts/0,4155,SELECT,SYS,JOURNAL,SELECT DISTINCT STATUS FROM V$SESSION,1017,ALTER SESSION,610,Emergency access - incident #4521
204,2026-01-17 17:55:52,monitor_svc,REPORT_USR,report-srv,UNKNOWN,7115,SELECT,HR,FACTURE,SELECT COUNT(*) FROM ORDERS WHERE STATUS='PENDING',1031,DBA,617,Application login via connection pool
205,2026-02-20 12:52:13,backup_agent,SCOTT,app-server-01,UNKNOWN,4894,SELECT,SCOTT,JOURNAL,SELECT * FROM DBA_OBJECTS WHERE OBJECT_TYPE='TABLE',1017,ALTER SESSION,620,DBA maintenance task
206,2026-02-24 22:57:43,system,SCOTT,srv-oracle-02,pts/1,5377,SELECT,SYS,ORDERS,"SELECT ENAME, SAL FROM EMP ORDER BY SAL DESC",0,SYSDBA,622,Emergency access - incident #4521
207,2026-01-10 14:40:26,backup_agent,APP_USER,monitor-01,pts/2,7549,SELECT,SYS,SALGRADE,SELECT DISTINCT STATUS FROM V$SESSION,1031,UPDATE ANY TABLE,624,Compliance check Q1-2026
208,2026-01-01 08:46:29,sys,BACKUP_USR,app-server-02,pts/1,7139,LOGOFF,,,,1017,SYSDBA,628,DBA maintenance task
209,2026-01-21 15:21:35,monitor_svc,DBA_OPS,report-srv,pts/2,893,LOGON,,,,0,SELECT ANY TABLE,628,
210,2026-02-20 20:01:07,dbadmin,SCOTT,monitor-01,pts/2,2704,SELECT,SYS,CUSTOMERS,SELECT DISTINCT STATUS FROM V$SESSION,1031,ALTER SESSION,631,
211,2026-01-24 14:05:23,oracle,AUDIT_USR,monitor-01,pts/2,3936,LOGOFF,,,,0,INSERT ANY TABLE,634,
212,2026-01-07 06:13:30,dba_ops,SYS,srv-oracle-01,UNKNOWN,5729,SELECT,HR,BUDGET,SELECT * FROM DBA_OBJECTS WHERE OBJECT_TYPE='TABLE',0,CREATE SESSION,640,
213,2026-01-09 21:04:14,reports_user,APP_USER,srv-oracle-02,pts/3,2281,SELECT,SYS,FACTURE,"SELECT ENAME, SAL FROM EMP ORDER BY SAL DESC",0,DBA,640,Performance audit
214,2026-02-06 06:39:41,audit_user,MONITOR,monitor-01,pts/3,3659,SELECT,HR,ALL_TABLES,SELECT COUNT(*) FROM ORDERS WHERE STATUS='PENDING',1031,CREATE SESSION,643,Application login via connection pool
215,2026-02-18 09:37:46,dbadmin,APP_USER,monitor-01,pts/0,4165,SELECT,SCOTT,ORDERS,SELECT COUNT(*) FROM ORDERS WHERE STATUS='PENDING',1017,ALTER SESSION,646,
216,2026-01-20 12:33:38,dbadmin,DBA_OPS,app-server-02,pts/0,4049,SELECT,SCOTT,PAYROLL,SELECT * FROM EMP WHERE DEPTNO=10,0,UPDATE ANY TABLE,653,Scheduled backup procedure
217,2026-02-03 06:23:59,reports_user,BACKUP_USR,monitor-01,pts/1,7817,SELECT,AUDIT_SCHEMA,PAYROLL,SELECT DISTINCT STATUS FROM V$SESSION,0,CREATE SESSION,652,Compliance check Q1-2026
218,2026-01-05 06:16:13,backup_agent,AUDIT_USR,app-server-02,UNKNOWN,6690,SELECT,AUDIT_SCHEMA,PAYROLL,"SELECT ENAME, SAL FROM EMP ORDER BY SAL DESC",0,CREATE SESSION,659,Performance audit
219,2026-02-09 10:17:05,backup_agent,REPORT_USR,app-server-02,console,1183,SELECT,HR,ACCOUNTS,SELECT COUNT(*) FROM ORDERS WHERE STATUS='PENDING',0,ALTER SESSION,661,
220,2026-02-24 13:03:15,monitor_svc,SYS,app-server-01,UNKNOWN,2977,SELECT,APP_SCHEMA,FACTURE,SELECT * FROM DBA_OBJECTS WHERE OBJECT_TYPE='TABLE',955,CREATE SESSION,661,
221,2026-01-09 06:10:31,appuser,SYSTEM,report-srv,pts/0,5588,SELECT,SCOTT,TRANSACTION,SELECT COUNT(*) FROM ORDERS WHERE STATUS='PENDING',0,INSERT ANY TABLE,666,Performance audit
222,2026-01-05 14:45:36,dba_ops,DBA_OPS,backup-srv,pts/2,1008,LOGOFF,,,,0,UPDATE ANY TABLE,671,Application login via connection pool
223,2026-01-24 11:16:49,oracle,SYS,srv-oracle-02,pts/0,7829,SELECT,AUDIT_SCHEMA,V$SESSION,SELECT * FROM EMP WHERE DEPTNO=10,0,CREATE TABLE,673,Application login via connection pool
224,2026-01-12 07:35:51,audit_user,REPORT_USR,app-server-01,tty1,1376,UPDATE,SCOTT,V$SESSION,CREATE TABLE TEMP_REPORT AS SELECT * FROM ORDERS WHERE ROWNUM<1000,955,CREATE TABLE,673,Performance audit
225,2026-02-13 07:11:14,appuser,APP_USER,app-server-01,pts/0,9161,SELECT,SYS,PAYROLL,SELECT DISTINCT STATUS FROM V$SESSION,0,UPDATE ANY TABLE,676,End of day reconciliation
226,2026-01-13 15:36:50,dba_ops,HR,monitor-01,console,4116,SELECT,SCOTT,CUSTOMERS,SELECT * FROM DBA_OBJECTS WHERE OBJECT_TYPE='TABLE',0,DBA,679,
227,2026-01-02 13:34:22,reports_user,SYS,report-srv,UNKNOWN,6264,LOGOFF,,,,0,ALTER SESSION,682,Automated monitoring script
228,2026-02-03 13:26:31,dbadmin,BACKUP_USR,app-server-02,UNKNOWN,6202,SELECT,SYS,V$SQL,SELECT * FROM EMP WHERE DEPTNO=10,0,UPDATE ANY TABLE,685,Compliance check Q1-2026
229,2026-01-07 22:08:40,audit_user,SCOTT,srv-oracle-02,pts/2,4376,SELECT,AUDIT_SCHEMA,BUDGET,SELECT * FROM EMP WHERE DEPTNO=10,0,CREATE TABLE,691,
230,2026-02-23 16:20:28,monitor_svc,SYSTEM,srv-oracle-02,pts/0,2793,SELECT,HR,SALGRADE,SELECT COUNT(*) FROM ORDERS WHERE STATUS='PENDING',0,UPDATE ANY TABLE,694,End of day reconciliation
231,2026-01-27 09:34:22,appuser,SYSTEM,srv-oracle-01,pts/1,5084,GRANT,SCOTT,CUSTOMERS,"EXECUTE DBMS_STATS.GATHER_TABLE_STATS('HR','EMP')",0,SELECT ANY TABLE,695,End of day reconciliation
232,2026-01-10 08:45:15,appuser,SCOTT,srv-oracle-01,pts/3,7508,SELECT,SYS,ACCOUNTS,"SELECT ENAME, SAL FROM EMP ORDER BY SAL DESC",1,SYSDBA,697,Emergency access - incident #4521
233,2026-01-07 10:07:00,reports_user,SYSTEM,backup-srv,console,4340,SELECT,HR,CLIENT,SELECT DISTINCT STATUS FROM V$SESSION,0,CREATE SESSION,700,Scheduled backup procedure
234,2026-01-13 20:51:08,oracle,SCOTT,backup-srv,pts/3,6571,SELECT,SYS,FACTURE,SELECT DISTINCT STATUS FROM V$SESSION,942,UPDATE ANY TABLE,703,
235,2026-02-13 19:11:22,system,SYS,backup-srv,console,4126,SELECT,SCOTT,V$SQL,SELECT DISTINCT STATUS FROM V$SESSION,0,ALTER SESSION,709,
236,2026-02-05 21:03:05,backup_agent,HR,monitor-01,tty1,9007,SELECT,APP_SCHEMA,CLIENT,SELECT COUNT(*) FROM ORDERS WHERE STATUS='PENDING',1,SELECT ANY TABLE,712,
237,2026-01-23 21:34:50,audit_user,APP_USER,srv-oracle-02,pts/0,5324,SELECT,AUDIT_SCHEMA,BUDGET,"SELECT ENAME, SAL FROM EMP ORDER BY SAL DESC",1017,SYSDBA,712,DBA maintenance task
238,2026-01-04 21:33:22,dbadmin,APP_USER,backup-srv,tty1,1016,GRANT,SYS,TRANSACTION,CREATE TABLE TEMP_REPORT AS SELECT * FROM ORDERS WHERE ROWNUM<1000,0,SYSDBA,719,
239,2026-01-23 11:11:15,reports_user,MONITOR,srv-oracle-01,UNKNOWN,5861,LOGON,,,,942,DBA,722,Automated monitoring script
240,2026-02-23 21:34:19,dbadmin,MONITOR,srv-oracle-02,pts/0,8725,SELECT,SYS,DEPT,SELECT * FROM EMP WHERE DEPTNO=10,904,UPDATE ANY TABLE,721,End of day reconciliation
241,2026-02-09 12:51:08,system,MONITOR,monitor-01,pts/1,1917,SELECT,SYS,DBA_OBJECTS,SELECT * FROM EMP WHERE DEPTNO=10,0,CREATE TABLE,724,End of day reconciliation
242,2026-02-15 18:37:06,audit_user,DBA_OPS,monitor-01,pts/2,2954,SELECT,HR,DBA_OBJECTS,SELECT COUNT(*) FROM ORDERS WHERE STATUS='PENDING',0,CREATE TABLE,728,
243,2026-02-07 11:24:19,monitor_svc,AUDIT_USR,report-srv,tty1,9397,UPDATE,HR,CLIENT,UPDATE FACTURE SET STATUT='PAYE' WHERE ID=2045,0,SELECT ANY TABLE,731,Compliance check Q1-2026
244,2026-01-21 13:40:36,dbadmin,REPORT_USR,app-server-01,pts/1,1553,SELECT,SCOTT,CLIENT,SELECT * FROM EMP WHERE DEPTNO=10,904,CREATE TABLE,736,Routine reporting query
245,2026-01-17 12:15:44,oracle,AUDIT_USR,app-server-02,UNKNOWN,6975,SELECT,SYS,V$SQL,SELECT * FROM EMP WHERE DEPTNO=10,1017,DBA,739,Emergency access - incident #4521
246,2026-01-25 17:34:24,dba_ops,SYSTEM,report-srv,tty1,647,SELECT,HR,BUDGET,SELECT COUNT(*) FROM ORDERS WHERE STATUS='PENDING',904,ALTER SESSION,739,End of day reconciliation
247,2026-01-17 09:04:21,sys,REPORT_USR,backup-srv,console,8009,SELECT,SYS,TRANSACTION,SELECT * FROM DBA_OBJECTS WHERE OBJECT_TYPE='TABLE',1,SELECT ANY TABLE,745,
248,2026-01-11 19:10:03,backup_agent,BACKUP_USR,app-server-01,UNKNOWN,4712,SELECT,HR,AUDIT_LOG,SELECT DISTINCT STATUS FROM V$SESSION,942,ALTER SESSION,746,Scheduled backup procedure
249,2026-01-04 18:36:35,audit_user,SYSTEM,app-server-01,tty1,9933,SELECT,SCOTT,DEPT,SELECT * FROM EMP WHERE DEPTNO=10,0,UPDATE ANY TABLE,749,Scheduled backup procedure
250,2026-01-02 12:10:40,audit_user,DBA_OPS,app-server-02,UNKNOWN,4441,SELECT,SYS,PRODUCTS,"SELECT ENAME, SAL FROM EMP ORDER BY SAL DESC",0,CREATE SESSION,755,
251,2026-01-12 17:56:24,dba_ops,DBA_OPS,app-server-01,pts/1,4500,SELECT,SYS,CUSTOMERS,"SELECT ENAME, SAL FROM EMP ORDER BY SAL DESC",0,SELECT ANY TABLE,755,
252,2026-02-12 09:05:42,oracle,AUDIT_USR,report-srv,console,6958,SELECT,HR,BUDGET,SELECT * FROM DBA_OBJECTS WHERE OBJECT_TYPE='TABLE',955,UPDATE ANY TABLE,761,Automated monitoring script
253,2026-01-31 15:05:25,sys,DBA_OPS,srv-oracle-02,pts/1,3571,UPDATE,AUDIT_SCHEMA,ACCOUNTS,"INSERT INTO ORDERS VALUES(:1,:2,:3,:4)",0,SYSDBA,761,Routine reporting query
254,2026-01-28 08:43:27,sys,SYSTEM,app-server-02,console,6610,SELECT,SCOTT,CONTRACTS,"SELECT ENAME, SAL FROM EMP ORDER BY SAL DESC",0,CREATE TABLE,765,Performance audit
255,2026-01-30 06:50:44,sys,AUDIT_USR,srv-oracle-02,pts/1,9383,LOGON,,,,955,CREATE SESSION,766,Compliance check Q1-2026
256,2026-02-19 09:50:18,dba_ops,MONITOR,backup-srv,pts/3,713,SELECT,SCOTT,ORDERS,SELECT DISTINCT STATUS FROM V$SESSION,1017,DBA,771,
257,2026-01-10 18:02:25,reports_user,SYS,app-server-01,tty1,5065,SELECT,APP_SCHEMA,DEPT,"SELECT ENAME, SAL FROM EMP ORDER BY SAL DESC",0,ALTER SESSION,774,Emergency access - incident #4521
258,2026-02-24 09:55:14,audit_user,MONITOR,monitor-01,pts/0,3179,SELECT,SCOTT,CUSTOMERS,"SELECT ENAME, SAL FROM EMP ORDER BY SAL DESC",0,UPDATE ANY TABLE,776,
259,2026-02-17 21:48:33,appuser,BACKUP_USR,app-server-02,pts/1,8689,SELECT,HR,ACCOUNTS,SELECT * FROM EMP WHERE DEPTNO=10,0,SELECT ANY TABLE,779,Automated monitoring script
260,2026-02-23 12:53:03,dbadmin,APP_USER,app-server-01,tty1,7705,SELECT,SYS,CUSTOMERS,"SELECT ENAME, SAL FROM EMP ORDER BY SAL DESC",0,INSERT ANY TABLE,781,
261,2026-01-02 13:23:31,system,DBA_OPS,backup-srv,console,5830,LOGON,,,,1031,CREATE TABLE,785,DBA maintenance task
262,2026-02-17 08:18:01,dbadmin,HR,monitor-01,pts/1,4508,SELECT,AUDIT_SCHEMA,TRANSACTION,SELECT COUNT(*) FROM ORDERS WHERE STATUS='PENDING',0,INSERT ANY TABLE,791,Routine reporting query
263,2026-02-25 06:30:58,appuser,MONITOR,report-srv,pts/2,4611,SELECT,SYS,CONTRACTS,SELECT COUNT(*) FROM ORDERS WHERE STATUS='PENDING',0,INSERT ANY TABLE,793,End of day reconciliation
264,2026-01-30 14:13:29,backup_agent,REPORT_USR,backup-srv,UNKNOWN,9828,SELECT,SYS,BUDGET,SELECT * FROM EMP WHERE DEPTNO=10,1,ALTER SESSION,795,
265,2026-01-07 21:04:21,dbadmin,SCOTT,backup-srv,tty1,4037,SELECT,SCOTT,V$SQL,"SELECT ENAME, SAL FROM EMP ORDER BY SAL DESC",942,SELECT ANY TABLE,800,
266,2026-02-12 16:43:08,audit_user,AUDIT_USR,app-server-02,UNKNOWN,678,UPDATE,SCOTT,PRODUCTS,DROP TABLE TEMP_REPORT,0,SYSDBA,801,
267,2026-02-15 13:43:34,reports_user,BACKUP_USR,app-server-01,tty1,2885,LOGOFF,,,,904,DBA,804,Scheduled backup procedure
268,2026-01-31 10:47:16,reports_user,HR,monitor-01,tty1,5131,UPDATE,SYS,DBA_OBJECTS,CREATE TABLE TEMP_REPORT AS SELECT * FROM ORDERS WHERE ROWNUM<1000,0,INSERT ANY TABLE,807,End of day reconciliation
269,2026-01-17 15:29:54,monitor_svc,SYSTEM,app-server-02,pts/1,8299,SELECT,AUDIT_SCHEMA,DEPT,SELECT * FROM DBA_OBJECTS WHERE OBJECT_TYPE='TABLE',904,CREATE SESSION,811,Performance audit
270,2026-01-20 19:03:55,monitor_svc,DBA_OPS,srv-oracle-02,pts/2,3054,SELECT,SCOTT,AUDIT_LOG,SELECT DISTINCT STATUS FROM V$SESSION,0,CREATE SESSION,814,End of day reconciliation
271,2026-02-10 11:20:40,system,MONITOR,report-srv,pts/1,8121,SELECT,SCOTT,CUSTOMERS,SELECT COUNT(*) FROM ORDERS WHERE STATUS='PENDING',0,CREATE SESSION,815,Compliance check Q1-2026
272,2026-01-28 19:25:27,dbadmin,REPORT_USR,srv-oracle-01,pts/2,8800,SELECT,SYS,EMP,SELECT * FROM DBA_OBJECTS WHERE OBJECT_TYPE='TABLE',1,SYSDBA,817,
273,2026-01-01 13:14:44,backup_agent,MONITOR,app-server-01,pts/1,1169,SELECT,SYS,CLIENT,SELECT DISTINCT STATUS FROM V$SESSION,0,SELECT ANY TABLE,822,DBA maintenance task
274,2026-01-30 22:38:33,reports_user,HR,srv-oracle-02,tty1,6709,SELECT,SCOTT,CLIENT,SELECT DISTINCT STATUS FROM V$SESSION,955,SELECT ANY TABLE,824,Automated monitoring script
275,2026-02-16 10:13:46,audit_user,APP_USER,report-srv,console,896,SELECT,SCOTT,FACTURE,SELECT * FROM EMP WHERE DEPTNO=10,0,SELECT ANY TABLE,826,
276,2026-02-23 06:03:44,backup_agent,APP_USER,app-server-02,UNKNOWN,2608,SELECT,APP_SCHEMA,CUSTOMERS,SELECT * FROM EMP WHERE DEPTNO=10,955,SYSDBA,829,DBA maintenance task
277,2026-01-27 09:42:33,monitor_svc,SYSTEM,app-server-01,pts/0,1841,SELECT,SYS,ORDERS,SELECT * FROM DBA_OBJECTS WHERE OBJECT_TYPE='TABLE',0,UPDATE ANY TABLE,833,Compliance check Q1-2026
278,2026-01-13 14:53:33,oracle,BACKUP_USR,app-server-02,pts/1,7975,SELECT,SCOTT,ORDERS,SELECT COUNT(*) FROM ORDERS WHERE STATUS='PENDING',1017,CREATE TABLE,836,Routine reporting query
279,2026-01-01 08:58:07,system,SYSTEM,report-srv,console,1329,LOGON,,,,904,CREATE SESSION,840,
280,2026-01-15 20:18:16,appuser,REPORT_USR,report-srv,UNKNOWN,5223,SELECT,HR,FACTURE,SELECT * FROM EMP WHERE DEPTNO=10,0,INSERT ANY TABLE,841,Scheduled backup procedure
281,2026-02-24 07:00:54,monitor_svc,APP_USER,monitor-01,pts/0,6205,SELECT,SCOTT,DBA_OBJECTS,SELECT DISTINCT STATUS FROM V$SESSION,0,CREATE TABLE,845,Scheduled backup procedure
282,2026-01-26 18:29:17,system,SYS,report-srv,pts/1,1799,SELECT,HR,ORDERS,SELECT * FROM EMP WHERE DEPTNO=10,904,INSERT ANY TABLE,851,Emergency access - incident #4521
283,2026-02-21 20:11:39,dba_ops,DBA_OPS,srv-oracle-01,pts/3,7320,SELECT,SYS,CONTRACTS,SELECT COUNT(*) FROM ORDERS WHERE STATUS='PENDING',1017,SELECT ANY TABLE,850,DBA maintenance task
284,2026-02-11 16:00:45,reports_user,BACKUP_USR,backup-srv,UNKNOWN,1660,LOGOFF,,,,0,INSERT ANY TABLE,854,Emergency access - incident #4521
285,2026-01-23 18:09:53,oracle,SCOTT,backup-srv,tty1,7788,LOGON,,,,0,UPDATE ANY TABLE,857,Scheduled backup procedure
286,2026-02-18 21:20:15,backup_agent,AUDIT_USR,app-server-02,tty1,3950,SELECT,AUDIT_SCHEMA,DEPT,SELECT COUNT(*) FROM ORDERS WHERE STATUS='PENDING',0,CREATE SESSION,862,Emergency access - incident #4521
287,2026-02-21 20:05:54,oracle,SYSTEM,app-server-02,pts/3,687,SELECT,SYS,DBA_OBJECTS,SELECT DISTINCT STATUS FROM V$SESSION,1031,SELECT ANY TABLE,862,Compliance check Q1-2026
288,2026-02-09 15:56:32,dba_ops,REPORT_USR,app-server-01,tty1,989,LOGON,,,,0,SYSDBA,868,End of day reconciliation
289,2026-02-05 21:45:42,oracle,REPORT_USR,app-server-01,tty1,4883,SELECT,SYS,FACTURE,SELECT COUNT(*) FROM ORDERS WHERE STATUS='PENDING',1031,CREATE TABLE,868,Routine reporting query
290,2026-01-11 21:08:52,dbadmin,SYSTEM,report-srv,pts/3,3632,UPDATE,SCOTT,FACTURE,CREATE TABLE TEMP_REPORT AS SELECT * FROM ORDERS WHERE ROWNUM<1000,955,UPDATE ANY TABLE,872,
291,2026-01-22 09:48:26,backup_agent,SCOTT,app-server-02,pts/0,8789,SELECT,APP_SCHEMA,CUSTOMERS,SELECT * FROM DBA_OBJECTS WHERE OBJECT_TYPE='TABLE',0,SELECT ANY TABLE,878,
292,2026-02-23 21:59:32,sys,AUDIT_USR,monitor-01,console,5373,REVOKE,HR,BUDGET,"INSERT INTO ORDERS VALUES(:1,:2,:3,:4)",0,INSERT ANY TABLE,880,Compliance check Q1-2026
293,2026-02-14 13:17:25,audit_user,MONITOR,monitor-01,UNKNOWN,8493,SELECT,HR,CUSTOMERS,SELECT COUNT(*) FROM ORDERS WHERE STATUS='PENDING',0,ALTER SESSION,884,End of day reconciliation
294,2026-02-15 23:40:13,system,SCOTT,backup-srv,console,5381,SELECT,SCOTT,CONTRACTS,"SELECT ENAME, SAL FROM EMP ORDER BY SAL DESC",0,CREATE SESSION,885,Performance audit
295,2026-01-31 19:43:47,sys,SYS,app-server-02,pts/1,969,SELECT,SYS,ORDERS,SELECT * FROM DBA_OBJECTS WHERE OBJECT_TYPE='TABLE',0,SELECT ANY TABLE,887,DBA maintenance task
296,2026-02-18 11:18:43,backup_agent,SYS,app-server-01,tty1,7515,SELECT,SCOTT,DEPT,SELECT COUNT(*) FROM ORDERS WHERE STATUS='PENDING',0,CREATE SESSION,893,
297,2026-02-17 23:55:14,oracle,AUDIT_USR,app-server-02,pts/3,5222,DELETE,AUDIT_SCHEMA,V$SESSION,DROP TABLE TEMP_REPORT,1,SELECT ANY TABLE,892,
298,2026-01-17 12:39:55,dbadmin,APP_USER,app-server-02,pts/1,1320,REVOKE,SCOTT,V$SESSION,CREATE TABLE TEMP_REPORT AS SELECT * FROM ORDERS WHERE ROWNUM<1000,1031,DBA,896,
299,2026-02-02 09:24:02,system,MONITOR,report-srv,pts/2,192,SELECT,SCOTT,JOURNAL,SELECT COUNT(*) FROM ORDERS WHERE STATUS='PENDING',0,CREATE TABLE,901,
300,2026-01-10 07:09:59,monitor_svc,BACKUP_USR,app-server-01,pts/0,5307,SELECT,SCOTT,CONTRACTS,SELECT DISTINCT STATUS FROM V$SESSION,0,SYSDBA,902,Performance audit
301,2026-01-05 22:10:26,dbadmin,REPORT_USR,app-server-01,pts/2,4909,SELECT,SCOTT,SALGRADE,SELECT COUNT(*) FROM ORDERS WHERE STATUS='PENDING',1,SYSDBA,908,Performance audit
302,2026-01-31 23:52:48,sys,REPORT_USR,app-server-02,pts/1,4094,LOGOFF,,,,0,SELECT ANY TABLE,909,
303,2026-02-20 09:24:16,backup_agent,BACKUP_USR,app-server-02,pts/3,818,SELECT,AUDIT_SCHEMA,EMP,"SELECT ENAME, SAL FROM EMP ORDER BY SAL DESC",0,ALTER SESSION,911,End of day reconciliation
304,2026-02-02 08:06:10,audit_user,SYSTEM,srv-oracle-02,console,7230,GRANT,HR,SALGRADE,CREATE TABLE TEMP_REPORT AS SELECT * FROM ORDERS WHERE ROWNUM<1000,0,CREATE SESSION,914,Routine reporting query
305,2026-01-30 16:02:05,sys,MONITOR,report-srv,pts/1,4337,SELECT,SCOTT,TRANSACTION,SELECT * FROM DBA_OBJECTS WHERE OBJECT_TYPE='TABLE',0,INSERT ANY TABLE,919,Emergency access - incident #4521
306,2026-02-10 18:27:20,monitor_svc,SYSTEM,report-srv,UNKNOWN,9694,SELECT,AUDIT_SCHEMA,FACTURE,SELECT * FROM EMP WHERE DEPTNO=10,1,SELECT ANY TABLE,919,End of day reconciliation
307,2026-02-02 09:18:50,monitor_svc,SYSTEM,app-server-01,tty1,7270,LOGOFF,,,,0,INSERT ANY TABLE,925,
308,2026-01-02 21:10:34,system,APP_USER,monitor-01,tty1,6213,SELECT,AUDIT_SCHEMA,PAYROLL,"SELECT ENAME, SAL FROM EMP ORDER BY SAL DESC",0,SELECT ANY TABLE,929,Performance audit
309,2026-01-10 09:02:00,backup_agent,BACKUP_USR,srv-oracle-01,pts/2,3541,LOGON,,,,1,CREATE TABLE,929,
310,2026-02-11 22:09:10,sys,SCOTT,monitor-01,tty1,9394,SELECT,SCOTT,CONTRACTS,SELECT COUNT(*) FROM ORDERS WHERE STATUS='PENDING',0,SELECT ANY TABLE,935,Emergency access - incident #4521
311,2026-02-11 23:04:18,appuser,SYSTEM,srv-oracle-02,UNKNOWN,9612,LOGOFF,,,,0,UPDATE ANY TABLE,936,End of day reconciliation
312,2026-01-09 13:06:18,dbadmin,REPORT_USR,app-server-02,pts/3,5479,LOGON,,,,0,ALTER SESSION,941,Application login via connection pool
313,2026-02-06 17:51:20,dbadmin,AUDIT_USR,app-server-01,tty1,5989,SELECT,SCOTT,EMP,SELECT COUNT(*) FROM ORDERS WHERE STATUS='PENDING',0,DBA,942,Emergency access - incident #4521
314,2026-01-30 20:22:49,monitor_svc,SYSTEM,report-srv,pts/2,2393,SELECT,SYS,JOURNAL,SELECT COUNT(*) FROM ORDERS WHERE STATUS='PENDING',904,SYSDBA,945,
315,2026-02-10 08:46:04,monitor_svc,HR,srv-oracle-01,console,4369,SELECT,AUDIT_SCHEMA,BUDGET,SELECT DISTINCT STATUS FROM V$SESSION,0,UPDATE ANY TABLE,947,End of day reconciliation
316,2026-01-26 13:57:49,system,DBA_OPS,backup-srv,console,1583,LOGON,,,,0,INSERT ANY TABLE,951,Performance audit
317,2026-01-01 13:54:51,backup_agent,SCOTT,app-server-02,pts/1,3035,LOGON,,,,0,DBA,955,End of day reconciliation
318,2026-01-03 13:48:31,oracle,HR,backup-srv,tty1,6018,SELECT,SCOTT,V$SQL,SELECT COUNT(*) FROM ORDERS WHERE STATUS='PENDING',0,INSERT ANY TABLE,958,Emergency access - incident #4521
319,2026-01-03 07:41:20,monitor_svc,SCOTT,app-server-02,UNKNOWN,6301,SELECT,AUDIT_SCHEMA,V$SQL,SELECT * FROM DBA_OBJECTS WHERE OBJECT_TYPE='TABLE',0,CREATE TABLE,962,
320,2026-02-23 08:33:16,reports_user,DBA_OPS,report-srv,pts/3,9999,SELECT,APP_SCHEMA,ACCOUNTS,"SELECT ENAME, SAL FROM EMP ORDER BY SAL DESC",0,SELECT ANY TABLE,965,Application login via connection pool
321,2026-01-29 11:14:04,system,REPORT_USR,backup-srv,UNKNOWN,2038,SELECT,HR,AUDIT_LOG,SELECT COUNT(*) FROM ORDERS WHERE STATUS='PENDING',0,SYSDBA,967,End of day reconciliation
322,2026-02-16 09:30:43,audit_user,SYS,srv-oracle-02,pts/0,2195,SELECT,AUDIT_SCHEMA,AUDIT_LOG,SELECT COUNT(*) FROM ORDERS WHERE STATUS='PENDING',904,DBA,968,
323,2026-02-02 07:57:36,backup_agent,AUDIT_USR,backup-srv,console,405,SELECT,SCOTT,TRANSACTION,SELECT COUNT(*) FROM ORDERS WHERE STATUS='PENDING',0,ALTER SESSION,970,Automated monitoring script
324,2026-01-29 21:55:30,monitor_svc,SCOTT,backup-srv,UNKNOWN,8469,SELECT,AUDIT_SCHEMA,ORDERS,SELECT COUNT(*) FROM ORDERS WHERE STATUS='PENDING',0,ALTER SESSION,974,
325,2026-02-13 16:59:29,dbadmin,AUDIT_USR,app-server-02,pts/1,1878,LOGON,,,,0,SELECT ANY TABLE,977,Performance audit
326,2026-02-25 22:43:26,monitor_svc,SYS,report-srv,console,8346,SELECT,APP_SCHEMA,TRANSACTION,SELECT * FROM DBA_OBJECTS WHERE OBJECT_TYPE='TABLE',0,CREATE SESSION,979,Emergency access - incident #4521
327,2026-02-12 10:57:38,reports_user,SYS,monitor-01,console,7128,SELECT,AUDIT_SCHEMA,ORDERS,SELECT DISTINCT STATUS FROM V$SESSION,0,SYSDBA,985,
328,2026-01-23 09:27:08,monitor_svc,BACKUP_USR,app-server-02,pts/2,3196,SELECT,SYS,V$SESSION,"SELECT ENAME, SAL FROM EMP ORDER BY SAL DESC",904,SELECT ANY TABLE,985,Compliance check Q1-2026
329,2026-02-03 09:33:00,sys,SCOTT,app-server-02,UNKNOWN,9690,SELECT,APP_SCHEMA,DBA_OBJECTS,"SELECT ENAME, SAL FROM EMP ORDER BY SAL DESC",0,ALTER SESSION,990,Performance audit
330,2026-01-28 17:39:17,dbadmin,AUDIT_USR,backup-srv,tty1,9235,LOGOFF,,,,1,UPDATE ANY TABLE,992,End of day reconciliation
331,2026-02-05 23:30:16,dbadmin,DBA_OPS,report-srv,UNKNOWN,2750,SELECT,HR,PAYROLL,SELECT * FROM EMP WHERE DEPTNO=10,1017,CREATE SESSION,995,Performance audit
332,2026-01-26 16:51:35,system,AUDIT_USR,monitor-01,pts/0,1592,LOGON,,,,0,DBA,1000,Compliance check Q1-2026
333,2026-01-28 08:04:16,audit_user,AUDIT_USR,backup-srv,UNKNOWN,8636,SELECT,AUDIT_SCHEMA,SALGRADE,SELECT * FROM EMP WHERE DEPTNO=10,1017,ALTER SESSION,1004,Routine reporting query
334,2026-02-19 11:40:31,dbadmin,SYS,report-srv,console,8464,SELECT,AUDIT_SCHEMA,AUDIT_LOG,"SELECT ENAME, SAL FROM EMP ORDER BY SAL DESC",0,SYSDBA,1007,Application login via connection pool
335,2026-02-13 07:23:15,system,SYSTEM,app-server-01,tty1,6644,LOGOFF,,,,0,CREATE TABLE,1009,
336,2026-02-07 12:33:00,backup_agent,MONITOR,app-server-01,pts/2,4630,DELETE,AUDIT_SCHEMA,SALGRADE,DROP TABLE TEMP_REPORT,0,SYSDBA,1013,Automated monitoring script
337,2026-01-30 18:36:00,backup_agent,SYSTEM,backup-srv,pts/2,5670,SELECT,AUDIT_SCHEMA,ORDERS,SELECT * FROM EMP WHERE DEPTNO=10,0,CREATE SESSION,1016,DBA maintenance task
338,2026-02-04 14:44:28,dba_ops,MONITOR,report-srv,pts/0,7996,SELECT,SCOTT,V$SESSION,SELECT DISTINCT STATUS FROM V$SESSION,904,CREATE SESSION,1017,Scheduled backup procedure
339,2026-01-25 13:43:44,backup_agent,SYS,monitor-01,tty1,4414,SELECT,SCOTT,ORDERS,SELECT * FROM DBA_OBJECTS WHERE OBJECT_TYPE='TABLE',942,SYSDBA,1020,Scheduled backup procedure
340,2026-01-26 16:04:35,monitor_svc,APP_USER,srv-oracle-02,UNKNOWN,3215,SELECT,SCOTT,DBA_OBJECTS,SELECT COUNT(*) FROM ORDERS WHERE STATUS='PENDING',904,UPDATE ANY TABLE,1022,Automated monitoring script
341,2026-02-17 13:55:16,reports_user,SCOTT,report-srv,pts/0,2064,SELECT,HR,AUDIT_LOG,SELECT * FROM DBA_OBJECTS WHERE OBJECT_TYPE='TABLE',0,CREATE SESSION,1027,Compliance check Q1-2026
342,2026-01-01 23:02:54,monitor_svc,APP_USER,app-server-02,pts/1,8474,SELECT,SCOTT,CONTRACTS,SELECT DISTINCT STATUS FROM V$SESSION,1017,ALTER SESSION,1030,Automated monitoring script
343,2026-02-18 10:03:33,reports_user,AUDIT_USR,report-srv,UNKNOWN,2963,SELECT,SYS,JOURNAL,SELECT * FROM DBA_OBJECTS WHERE OBJECT_TYPE='TABLE',904,UPDATE ANY TABLE,1030,
344,2026-02-03 20:20:44,sys,REPORT_USR,app-server-01,console,4354,SELECT,APP_SCHEMA,AUDIT_LOG,SELECT * FROM DBA_OBJECTS WHERE OBJECT_TYPE='TABLE',0,DBA,1037,DBA maintenance task
345,2026-01-16 14:30:39,dbadmin,AUDIT_USR,monitor-01,tty1,6199,SELECT,APP_SCHEMA,TRANSACTION,SELECT DISTINCT STATUS FROM V$SESSION,1017,CREATE TABLE,1039,DBA maintenance task
346,2026-01-29 11:36:08,sys,APP_USER,report-srv,pts/1,9198,LOGON,,,,0,INSERT ANY TABLE,1042,Automated monitoring script
347,2026-01-10 10:30:51,backup_agent,BACKUP_USR,monitor-01,pts/2,8072,SELECT,APP_SCHEMA,ORDERS,SELECT COUNT(*) FROM ORDERS WHERE STATUS='PENDING',0,ALTER SESSION,1044,Performance audit
348,2026-02-24 07:25:06,dba_ops,SYSTEM,app-server-02,UNKNOWN,5583,INSERT,HR,DEPT,DROP TABLE TEMP_REPORT,0,ALTER SESSION,1047,End of day reconciliation
349,2026-02-05 23:59:51,reports_user,MONITOR,srv-oracle-02,console,9535,SELECT,APP_SCHEMA,EMP,SELECT * FROM EMP WHERE DEPTNO=10,1017,DBA,1050,End of day reconciliation
350,2026-01-21 22:31:49,dba_ops,SCOTT,report-srv,pts/1,5627,DELETE,APP_SCHEMA,SALGRADE,DROP TABLE TEMP_REPORT,1031,INSERT ANY TABLE,1055,Compliance check Q1-2026
351,2026-01-26 08:05:10,appuser,MONITOR,monitor-01,pts/3,4544,SELECT,SCOTT,DBA_OBJECTS,"SELECT ENAME, SAL FROM EMP ORDER BY SAL DESC",0,UPDATE ANY TABLE,1056,
352,2026-02-07 22:28:26,appuser,SYSTEM,srv-oracle-02,pts/1,6605,SELECT,HR,EMP,SELECT COUNT(*) FROM ORDERS WHERE STATUS='PENDING',0,CREATE SESSION,1057,Scheduled backup procedure
353,2026-01-31 23:03:01,appuser,MONITOR,srv-oracle-02,pts/0,6487,GRANT,SYS,ACCOUNTS,DELETE FROM AUDIT_LOG WHERE TIMESTAMP < SYSDATE-90,1,ALTER SESSION,1061,Automated monitoring script
354,2026-02-17 15:28:40,oracle,REPORT_USR,report-srv,pts/2,7901,SELECT,HR,ACCOUNTS,SELECT * FROM EMP WHERE DEPTNO=10,0,UPDATE ANY TABLE,1067,DBA maintenance task
355,2026-02-05 20:08:44,monitor_svc,AUDIT_USR,backup-srv,UNKNOWN,8845,SELECT,AUDIT_SCHEMA,BUDGET,SELECT DISTINCT STATUS FROM V$SESSION,0,ALTER SESSION,1068,Emergency access - incident #4521
356,2026-02-04 13:51:05,system,APP_USER,srv-oracle-01,pts/0,8674,SELECT,APP_SCHEMA,ALL_TABLES,"SELECT ENAME, SAL FROM EMP ORDER BY SAL DESC",0,DBA,1071,DBA maintenance task
357,2026-01-31 23:00:44,appuser,MONITOR,srv-oracle-02,tty1,218,SELECT,SYS,DBA_USERS,SELECT DISTINCT STATUS FROM V$SESSION,904,CREATE TABLE,1073,
358,2026-02-05 19:25:15,sys,AUDIT_USR,monitor-01,pts/1,8564,SELECT,HR,PAYROLL,"SELECT ENAME, SAL FROM EMP ORDER BY SAL DESC",1,ALTER SESSION,1077,
359,2026-02-17 23:51:17,appuser,SYSTEM,monitor-01,pts/3,7518,SELECT,HR,SALGRADE,SELECT COUNT(*) FROM ORDERS WHERE STATUS='PENDING',0,ALTER SESSION,1082,Emergency access - incident #4521
360,2026-01-13 16:01:09,appuser,SCOTT,monitor-01,pts/3,234,SELECT,SYS,TRANSACTION,"SELECT ENAME, SAL FROM EMP ORDER BY SAL DESC",0,SYSDBA,1081,Application login via connection pool
361,2026-01-01 21:13:21,oracle,REPORT_USR,srv-oracle-01,tty1,2493,SELECT,SCOTT,PRODUCTS,SELECT DISTINCT STATUS FROM V$SESSION,0,SELECT ANY TABLE,1086,
362,2026-01-05 23:30:11,dbadmin,AUDIT_USR,report-srv,pts/3,4149,SELECT,SYS,PAYROLL,SELECT * FROM EMP WHERE DEPTNO=10,0,SELECT ANY TABLE,1088,Emergency access - incident #4521
363,2026-02-17 09:33:42,system,SYS,monitor-01,console,8634,SELECT,SCOTT,PAYROLL,"SELECT ENAME, SAL FROM EMP ORDER BY SAL DESC",904,CREATE SESSION,1092,Emergency access - incident #4521
364,2026-02-10 15:12:23,reports_user,SYS,srv-oracle-02,tty1,4623,SELECT,HR,FACTURE,SELECT DISTINCT STATUS FROM V$SESSION,0,CREATE SESSION,1096,Automated monitoring script
365,2026-01-01 07:37:50,sys,HR,srv-oracle-02,pts/3,1597,INSERT,HR,CONTRACTS,GRANT SELECT ON EMP TO REPORT_USR,904,CREATE TABLE,1096,Routine reporting query
366,2026-01-23 10:44:34,backup_agent,REPORT_USR,report-srv,pts/3,3261,SELECT,HR,PRODUCTS,"SELECT ENAME, SAL FROM EMP ORDER BY SAL DESC",0,SELECT ANY TABLE,1102,End of day reconciliation
367,2026-02-16 10:16:57,backup_agent,DBA_OPS,srv-oracle-02,console,3157,SELECT,AUDIT_SCHEMA,CUSTOMERS,"SELECT ENAME, SAL FROM EMP ORDER BY SAL DESC",904,CREATE TABLE,1104,
368,2026-01-30 14:55:53,sys,BACKUP_USR,srv-oracle-02,pts/3,4944,LOGON,,,,0,ALTER SESSION,1109,End of day reconciliation
369,2026-01-30 06:49:40,reports_user,MONITOR,srv-oracle-02,pts/2,1137,SELECT,SYS,TRANSACTION,SELECT * FROM DBA_OBJECTS WHERE OBJECT_TYPE='TABLE',1,INSERT ANY TABLE,1109,Performance audit
370,2026-02-13 21:49:35,sys,SYSTEM,backup-srv,UNKNOWN,1192,SELECT,APP_SCHEMA,DBA_OBJECTS,"SELECT ENAME, SAL FROM EMP ORDER BY SAL DESC",0,SELECT ANY TABLE,1112,Application login via connection pool
371,2026-02-25 07:12:06,audit_user,DBA_OPS,backup-srv,console,9771,SELECT,SYS,FACTURE,SELECT * FROM DBA_OBJECTS WHERE OBJECT_TYPE='TABLE',0,ALTER SESSION,1114,End of day reconciliation
372,2026-01-15 08:00:59,reports_user,BACKUP_USR,monitor-01,pts/3,6146,SELECT,APP_SCHEMA,SALGRADE,SELECT * FROM EMP WHERE DEPTNO=10,904,SELECT ANY TABLE,1121,DBA maintenance task
373,2026-02-03 07:46:04,sys,HR,backup-srv,pts/3,3204,SELECT,AUDIT_SCHEMA,AUDIT_LOG,SELECT * FROM EMP WHERE DEPTNO=10,0,SYSDBA,1124,
374,2026-01-16 11:35:47,sys,MONITOR,app-server-01,UNKNOWN,7615,LOGON,,,,955,INSERT ANY TABLE,1123,Application login via connection pool
375,2026-02-20 11:35:25,dba_ops,REPORT_USR,app-server-01,console,5419,SELECT,AUDIT_SCHEMA,TRANSACTION,SELECT * FROM DBA_OBJECTS WHERE OBJECT_TYPE='TABLE',942,CREATE TABLE,1129,
376,2026-01-28 16:38:15,audit_user,BACKUP_USR,monitor-01,pts/2,5998,LOGON,,,,0,UPDATE ANY TABLE,1132,
377,2026-01-01 07:18:38,dbadmin,HR,report-srv,pts/2,455,SELECT,SYS,DBA_USERS,"SELECT ENAME, SAL FROM EMP ORDER BY SAL DESC",0,ALTER SESSION,1136,Performance audit
378,2026-02-05 10:06:02,reports_user,MONITOR,srv-oracle-02,pts/1,4298,SELECT,HR,CLIENT,"SELECT ENAME, SAL FROM EMP ORDER BY SAL DESC",1017,ALTER SESSION,1135,Compliance check Q1-2026
379,2026-01-26 12:46:04,monitor_svc,SYSTEM,backup-srv,UNKNOWN,5021,UPDATE,HR,PRODUCTS,"EXECUTE DBMS_STATS.GATHER_TABLE_STATS('HR','EMP')",942,SELECT ANY TABLE,1142,
380,2026-01-06 07:58:49,dbadmin,MONITOR,srv-oracle-01,UNKNOWN,6366,SELECT,APP_SCHEMA,ORDERS,SELECT * FROM EMP WHERE DEPTNO=10,1017,SELECT ANY TABLE,1143,Performance audit
381,2026-01-03 16:34:36,oracle,AUDIT_USR,app-server-02,tty1,9850,SELECT,HR,ACCOUNTS,SELECT COUNT(*) FROM ORDERS WHERE STATUS='PENDING',942,CREATE SESSION,1145,
382,2026-01-19 18:09:08,backup_agent,AUDIT_USR,app-server-01,pts/0,6629,SELECT,AUDIT_SCHEMA,PRODUCTS,SELECT * FROM EMP WHERE DEPTNO=10,0,INSERT ANY TABLE,1148,Application login via connection pool
383,2026-01-31 23:12:31,dbadmin,HR,srv-oracle-01,pts/2,7146,SELECT,AUDIT_SCHEMA,JOURNAL,SELECT * FROM DBA_OBJECTS WHERE OBJECT_TYPE='TABLE',0,CREATE TABLE,1154,Scheduled backup procedure
384,2026-01-08 19:27:23,oracle,APP_USER,srv-oracle-02,pts/2,7345,SELECT,SCOTT,DBA_OBJECTS,SELECT * FROM DBA_OBJECTS WHERE OBJECT_TYPE='TABLE',0,DBA,1156,Routine reporting query
385,2026-02-22 13:12:43,dbadmin,MONITOR,srv-oracle-02,tty1,4813,SELECT,SYS,SALGRADE,SELECT * FROM EMP WHERE DEPTNO=10,0,SELECT ANY TABLE,1158,
386,2026-02-21 09:19:28,dbadmin,HR,backup-srv,console,4337,SELECT,HR,DBA_OBJECTS,SELECT * FROM DBA_OBJECTS WHERE OBJECT_TYPE='TABLE',0,UPDATE ANY TABLE,1163,
387,2026-01-10 06:24:37,appuser,SCOTT,srv-oracle-01,pts/2,3388,LOGOFF,,,,0,ALTER SESSION,1162,Emergency access - incident #4521
388,2026-02-11 06:04:24,reports_user,SYSTEM,srv-oracle-01,pts/2,6432,LOGOFF,,,,0,SYSDBA,1168,Performance audit
389,2026-02-15 09:57:20,dba_ops,BACKUP_USR,monitor-01,pts/0,751,SELECT,HR,TRANSACTION,SELECT * FROM DBA_OBJECTS WHERE OBJECT_TYPE='TABLE',0,SYSDBA,1172,DBA maintenance task
390,2026-01-22 21:25:47,appuser,HR,backup-srv,pts/2,1115,SELECT,SCOTT,ALL_TABLES,"SELECT ENAME, SAL FROM EMP ORDER BY SAL DESC",0,ALTER SESSION,1174,Routine reporting query
391,2026-02-05 14:14:09,backup_agent,MONITOR,report-srv,UNKNOWN,3826,SELECT,SYS,CLIENT,SELECT DISTINCT STATUS FROM V$SESSION,1,INSERT ANY TABLE,1175,Compliance check Q1-2026
392,2026-01-10 19:19:58,dba_ops,BACKUP_USR,srv-oracle-02,pts/1,2370,LOGON,,,,942,SYSDBA,1178,DBA maintenance task
393,2026-02-14 22:58:08,sys,BACKUP_USR,backup-srv,UNKNOWN,2039,SELECT,HR,BUDGET,"SELECT ENAME, SAL FROM EMP ORDER BY SAL DESC",0,DBA,1182,Application login via connection pool
394,2026-02-16 06:48:20,system,HR,srv-oracle-01,pts/1,3126,SELECT,APP_SCHEMA,DBA_USERS,"SELECT ENAME, SAL FROM EMP ORDER BY SAL DESC",955,SELECT ANY TABLE,1187,Compliance check Q1-2026
395,2026-01-18 13:38:14,system,BACKUP_USR,report-srv,console,7780,SELECT,SYS,ALL_TABLES,SELECT DISTINCT STATUS FROM V$SESSION,0,CREATE TABLE,1187,
396,2026-02-01 21:08:10,appuser,AUDIT_USR,srv-oracle-02,UNKNOWN,3423,SELECT,APP_SCHEMA,DEPT,SELECT * FROM EMP WHERE DEPTNO=10,0,SYSDBA,1189,Application login via connection pool
397,2026-01-29 21:44:20,monitor_svc,AUDIT_USR,monitor-01,pts/2,6557,SELECT,APP_SCHEMA,ORDERS,SELECT * FROM EMP WHERE DEPTNO=10,0,SELECT ANY TABLE,1196,Scheduled backup procedure
398,2026-01-29 20:52:56,oracle,BACKUP_USR,app-server-02,console,907,SELECT,AUDIT_SCHEMA,ACCOUNTS,SELECT DISTINCT STATUS FROM V$SESSION,0,SYSDBA,1197,Emergency access - incident #4521
399,2026-01-26 15:49:52,monitor_svc,SYS,monitor-01,console,2430,SELECT,APP_SCHEMA,TRANSACTION,"SELECT ENAME, SAL FROM EMP ORDER BY SAL DESC",1031,UPDATE ANY TABLE,1201,Scheduled backup procedure
400,2026-02-16 22:07:11,dba_ops,SYS,srv-oracle-02,pts/3,9771,REVOKE,APP_SCHEMA,PAYROLL,GRANT SELECT ON EMP TO REPORT_USR,0,SYSDBA,1204,Scheduled backup procedure
401,2026-01-17 16:44:41,dba_ops,REPORT_USR,srv-oracle-01,console,6392,UPDATE,SYS,FACTURE,DELETE FROM AUDIT_LOG WHERE TIMESTAMP < SYSDATE-90,0,DBA,1207,Performance audit
402,2026-01-25 07:49:10,oracle,AUDIT_USR,app-server-01,pts/2,7411,SELECT,HR,TRANSACTION,SELECT COUNT(*) FROM ORDERS WHERE STATUS='PENDING',0,ALTER SESSION,1208,Scheduled backup procedure
403,2026-01-09 12:00:39,dba_ops,BACKUP_USR,report-srv,pts/0,8184,EXECUTE,APP_SCHEMA,EMP,"EXECUTE DBMS_STATS.GATHER_TABLE_STATS('HR','EMP')",0,SYSDBA,1211,Compliance check Q1-2026
404,2026-02-12 21:29:26,dbadmin,BACKUP_USR,app-server-01,console,9234,SELECT,AUDIT_SCHEMA,CONTRACTS,SELECT * FROM EMP WHERE DEPTNO=10,0,SYSDBA,1213,Application login via connection pool
405,2026-01-10 07:41:22,appuser,REPORT_USR,srv-oracle-01,pts/0,1884,SELECT,AUDIT_SCHEMA,DEPT,SELECT * FROM DBA_OBJECTS WHERE OBJECT_TYPE='TABLE',0,INSERT ANY TABLE,1217,Application login via connection pool
406,2026-02-13 15:39:42,oracle,SYSTEM,report-srv,pts/2,5389,INSERT,AUDIT_SCHEMA,CUSTOMERS,GRANT SELECT ON EMP TO REPORT_USR,0,CREATE TABLE,1222,Scheduled backup procedure
407,2026-02-18 19:53:35,appuser,REPORT_USR,backup-srv,pts/3,8695,SELECT,HR,PRODUCTS,SELECT * FROM EMP WHERE DEPTNO=10,0,SYSDBA,1223,Compliance check Q1-2026
408,2026-01-04 09:36:46,dba_ops,MONITOR,report-srv,UNKNOWN,4805,LOGOFF,,,,0,INSERT ANY TABLE,1229,End of day reconciliation
409,2026-01-17 22:36:39,backup_agent,DBA_OPS,app-server-02,tty1,3047,SELECT,AUDIT_SCHEMA,CONTRACTS,SELECT DISTINCT STATUS FROM V$SESSION,0,SYSDBA,1230,Automated monitoring script
410,2026-01-01 09:01:29,dbadmin,MONITOR,app-server-02,pts/3,845,LOGOFF,,,,0,CREATE TABLE,1233,Performance audit
411,2026-02-21 12:00:40,appuser,BACKUP_USR,backup-srv,pts/2,200,SELECT,SYS,V$SQL,"SELECT ENAME, SAL FROM EMP ORDER BY SAL DESC",0,CREATE SESSION,1236,End of day reconciliation
412,2026-01-26 06:53:11,oracle,SCOTT,app-server-02,pts/1,7646,SELECT,APP_SCHEMA,DBA_OBJECTS,SELECT DISTINCT STATUS FROM V$SESSION,942,CREATE TABLE,1240,
413,2026-02-17 07:53:33,dbadmin,MONITOR,monitor-01,pts/2,5893,SELECT,AUDIT_SCHEMA,JOURNAL,SELECT * FROM EMP WHERE DEPTNO=10,942,CREATE SESSION,1241,DBA maintenance task
414,2026-02-23 06:21:24,monitor_svc,MONITOR,app-server-02,pts/1,9851,LOGOFF,,,,0,CREATE SESSION,1245,
415,2026-02-24 16:45:02,reports_user,DBA_OPS,report-srv,pts/2,3641,SELECT,APP_SCHEMA,SALGRADE,SELECT COUNT(*) FROM ORDERS WHERE STATUS='PENDING',955,ALTER SESSION,1247,Scheduled backup procedure
416,2026-01-24 07:49:12,backup_agent,SCOTT,srv-oracle-02,pts/2,8021,SELECT,SYS,ACCOUNTS,SELECT DISTINCT STATUS FROM V$SESSION,1031,ALTER SESSION,1251,Application login via connection pool
417,2026-02-19 09:52:33,dbadmin,SYS,app-server-02,pts/3,8658,LOGOFF,,,,0,CREATE SESSION,1252,DBA maintenance task
418,2026-01-03 08:21:29,monitor_svc,APP_USER,monitor-01,pts/1,5357,SELECT,SCOTT,ACCOUNTS,SELECT * FROM EMP WHERE DEPTNO=10,0,SYSDBA,1256,DBA maintenance task
419,2026-01-18 23:20:49,appuser,SYSTEM,srv-oracle-01,console,9268,SELECT,HR,V$SQL,SELECT COUNT(*) FROM ORDERS WHERE STATUS='PENDING',0,CREATE SESSION,1259,Performance audit
420,2026-01-23 23:20:17,sys,APP_USER,backup-srv,pts/2,8956,SELECT,HR,BUDGET,SELECT COUNT(*) FROM ORDERS WHERE STATUS='PENDING',0,UPDATE ANY TABLE,1261,Application login via connection pool
421,2026-01-02 21:57:43,audit_user,AUDIT_USR,srv-oracle-02,UNKNOWN,9866,SELECT,SYS,PAYROLL,SELECT * FROM EMP WHERE DEPTNO=10,0,UPDATE ANY TABLE,1268,End of day reconciliation
422,2026-01-20 16:52:12,sys,DBA_OPS,srv-oracle-01,pts/3,5185,UPDATE,AUDIT_SCHEMA,CUSTOMERS,"INSERT INTO ORDERS VALUES(:1,:2,:3,:4)",0,UPDATE ANY TABLE,1270,Automated monitoring script
423,2026-01-15 10:55:57,reports_user,AUDIT_USR,srv-oracle-02,UNKNOWN,5512,LOGON,,,,0,CREATE TABLE,1273,Emergency access - incident #4521
424,2026-01-02 08:30:07,reports_user,MONITOR,backup-srv,pts/1,8422,SELECT,HR,CUSTOMERS,"SELECT ENAME, SAL FROM EMP ORDER BY SAL DESC",904,CREATE SESSION,1276,
425,2026-02-20 09:20:35,appuser,BACKUP_USR,app-server-02,pts/3,9775,LOGOFF,,,,0,INSERT ANY TABLE,1277,Compliance check Q1-2026
426,2026-01-16 23:10:30,audit_user,AUDIT_USR,backup-srv,tty1,5706,SELECT,HR,DBA_OBJECTS,SELECT * FROM DBA_OBJECTS WHERE OBJECT_TYPE='TABLE',0,SYSDBA,1280,
427,2026-02-12 08:47:59,reports_user,BACKUP_USR,srv-oracle-01,tty1,7394,UPDATE,AUDIT_SCHEMA,FACTURE,"EXECUTE DBMS_STATS.GATHER_TABLE_STATS('HR','EMP')",904,DBA,1284,
428,2026-01-05 09:43:52,reports_user,DBA_OPS,monitor-01,UNKNOWN,1107,LOGON,,,,1,CREATE SESSION,1286,Application login via connection pool
429,2026-02-07 06:48:09,dba_ops,BACKUP_USR,app-server-01,pts/3,9568,LOGOFF,,,,0,UPDATE ANY TABLE,1289,Automated monitoring script
430,2026-02-13 16:19:36,audit_user,REPORT_USR,srv-oracle-01,console,233,LOGOFF,,,,0,INSERT ANY TABLE,1292,DBA maintenance task
431,2026-01-04 17:57:35,appuser,SYS,srv-oracle-02,pts/3,9769,SELECT,SCOTT,JOURNAL,SELECT * FROM EMP WHERE DEPTNO=10,0,INSERT ANY TABLE,1296,
432,2026-01-25 18:24:27,dbadmin,BACKUP_USR,app-server-02,tty1,6002,SELECT,APP_SCHEMA,TRANSACTION,SELECT COUNT(*) FROM ORDERS WHERE STATUS='PENDING',0,INSERT ANY TABLE,1298,DBA maintenance task
433,2026-02-25 10:08:00,system,SYSTEM,srv-oracle-02,UNKNOWN,6913,SELECT,APP_SCHEMA,CLIENT,SELECT DISTINCT STATUS FROM V$SESSION,0,UPDATE ANY TABLE,1304,
434,2026-02-09 11:29:32,system,AUDIT_USR,backup-srv,pts/0,9568,SELECT,SCOTT,PAYROLL,SELECT COUNT(*) FROM ORDERS WHERE STATUS='PENDING',1031,UPDATE ANY TABLE,1304,
435,2026-02-02 14:26:59,dba_ops,REPORT_USR,srv-oracle-01,console,7989,SELECT,SYS,DEPT,SELECT * FROM DBA_OBJECTS WHERE OBJECT_TYPE='TABLE',1017,CREATE SESSION,1307,
436,2026-02-16 22:54:48,backup_agent,MONITOR,srv-oracle-01,pts/1,7840,REVOKE,AUDIT_SCHEMA,CUSTOMERS,DELETE FROM AUDIT_LOG WHERE TIMESTAMP < SYSDATE-90,0,CREATE SESSION,1313,Compliance check Q1-2026
437,2026-01-20 07:57:21,dba_ops,MONITOR,monitor-01,pts/2,6997,SELECT,APP_SCHEMA,PRODUCTS,SELECT * FROM DBA_OBJECTS WHERE OBJECT_TYPE='TABLE',0,CREATE TABLE,1314,DBA maintenance task
438,2026-01-11 07:44:59,monitor_svc,APP_USER,srv-oracle-01,UNKNOWN,7852,LOGON,,,,0,DBA,1319,Routine reporting query
439,2026-02-12 15:51:47,appuser,DBA_OPS,srv-oracle-01,pts/1,8383,LOGON,,,,0,CREATE SESSION,1320,DBA maintenance task
440,2026-01-09 14:17:54,monitor_svc,SCOTT,monitor-01,pts/3,6158,SELECT,AUDIT_SCHEMA,FACTURE,SELECT COUNT(*) FROM ORDERS WHERE STATUS='PENDING',0,DBA,1323,
441,2026-01-16 21:11:51,monitor_svc,SCOTT,report-srv,pts/3,6865,SELECT,SYS,DBA_OBJECTS,SELECT COUNT(*) FROM ORDERS WHERE STATUS='PENDING',0,INSERT ANY TABLE,1325,
442,2026-01-29 11:13:36,oracle,SCOTT,app-server-02,pts/3,7902,UPDATE,SCOTT,DEPT,DELETE FROM AUDIT_LOG WHERE TIMESTAMP < SYSDATE-90,1017,ALTER SESSION,1330,
443,2026-02-18 23:14:24,dba_ops,APP_USER,srv-oracle-02,console,7222,LOGOFF,,,,1,SELECT ANY TABLE,1332,Emergency access - incident #4521
444,2026-01-25 16:33:43,monitor_svc,APP_USER,app-server-01,pts/2,4475,SELECT,SCOTT,JOURNAL,SELECT DISTINCT STATUS FROM V$SESSION,0,CREATE SESSION,1335,
445,2026-02-07 18:29:49,monitor_svc,HR,backup-srv,pts/2,3047,LOGOFF,,,,0,CREATE TABLE,1340,Routine reporting query
446,2026-02-13 06:53:04,dba_ops,REPORT_USR,srv-oracle-02,UNKNOWN,4741,SELECT,AUDIT_SCHEMA,FACTURE,SELECT * FROM EMP WHERE DEPTNO=10,955,ALTER SESSION,1340,Routine reporting query
447,2026-01-02 08:03:38,monitor_svc,SYSTEM,monitor-01,pts/0,1515,LOGOFF,,,,0,DBA,1345,
448,2026-02-18 11:57:07,sys,DBA_OPS,app-server-01,tty1,7095,INSERT,SCOTT,V$SQL,"EXECUTE DBMS_STATS.GATHER_TABLE_STATS('HR','EMP')",0,CREATE TABLE,1347,Application login via connection pool
449,2026-02-19 08:17:49,appuser,APP_USER,srv-oracle-02,pts/3,1237,SELECT,SCOTT,PAYROLL,SELECT * FROM EMP WHERE DEPTNO=10,1,UPDATE ANY TABLE,1349,Compliance check Q1-2026
450,2026-01-26 11:41:31,monitor_svc,SYSTEM,app-server-02,UNKNOWN,4343,SELECT,APP_SCHEMA,JOURNAL,SELECT COUNT(*) FROM ORDERS WHERE STATUS='PENDING',0,CREATE SESSION,1351,Scheduled backup procedure
451,2026-01-05 14:49:28,audit_user,APP_USER,srv-oracle-02,UNKNOWN,5503,SELECT,SYS,CLIENT,SELECT * FROM EMP WHERE DEPTNO=10,904,INSERT ANY TABLE,1358,Routine reporting query
452,2026-02-02 21:30:27,audit_user,DBA_OPS,srv-oracle-01,console,8870,SELECT,HR,JOURNAL,SELECT * FROM EMP WHERE DEPTNO=10,0,CREATE TABLE,1359,
453,2026-01-20 18:03:40,reports_user,BACKUP_USR,report-srv,pts/2,1418,LOGOFF,,,,0,UPDATE ANY TABLE,1362,
454,2026-01-13 11:35:02,reports_user,DBA_OPS,srv-oracle-01,UNKNOWN,7275,SELECT,APP_SCHEMA,DBA_USERS,SELECT * FROM EMP WHERE DEPTNO=10,0,SYSDBA,1364,Routine reporting query
455,2026-01-13 06:46:37,appuser,DBA_OPS,backup-srv,tty1,7461,SELECT,SYS,PAYROLL,SELECT * FROM DBA_OBJECTS WHERE OBJECT_TYPE='TABLE',904,SELECT ANY TABLE,1366,End of day reconciliation
456,2026-01-04 16:50:46,dba_ops,BACKUP_USR,srv-oracle-02,UNKNOWN,9592,SELECT,HR,FACTURE,SELECT * FROM DBA_OBJECTS WHERE OBJECT_TYPE='TABLE',1,SYSDBA,1369,Routine reporting query
457,2026-02-17 10:31:41,system,SYS,srv-oracle-02,UNKNOWN,918,SELECT,SYS,CONTRACTS,SELECT COUNT(*) FROM ORDERS WHERE STATUS='PENDING',904,ALTER SESSION,1372,Emergency access - incident #4521
458,2026-02-09 11:53:37,monitor_svc,HR,srv-oracle-01,tty1,3420,SELECT,APP_SCHEMA,FACTURE,SELECT * FROM DBA_OBJECTS WHERE OBJECT_TYPE='TABLE',0,INSERT ANY TABLE,1377,
459,2026-02-13 18:20:07,reports_user,HR,report-srv,pts/0,9817,LOGOFF,,,,0,DBA,1380,Scheduled backup procedure
460,2026-01-08 14:09:48,dba_ops,HR,backup-srv,pts/0,2285,SELECT,AUDIT_SCHEMA,ALL_TABLES,SELECT COUNT(*) FROM ORDERS WHERE STATUS='PENDING',0,CREATE SESSION,1385,
461,2026-02-19 11:01:56,sys,MONITOR,app-server-01,pts/3,7898,SELECT,SYS,EMP,SELECT COUNT(*) FROM ORDERS WHERE STATUS='PENDING',0,DBA,1385,Application login via connection pool
462,2026-02-10 14:33:28,monitor_svc,SCOTT,monitor-01,pts/3,1542,SELECT,AUDIT_SCHEMA,TRANSACTION,SELECT * FROM EMP WHERE DEPTNO=10,0,ALTER SESSION,1389,
463,2026-01-01 23:15:12,backup_agent,HR,app-server-02,tty1,3509,SELECT,SCOTT,CONTRACTS,SELECT * FROM DBA_OBJECTS WHERE OBJECT_TYPE='TABLE',0,ALTER SESSION,1390,Automated monitoring script
464,2026-01-08 10:43:54,oracle,REPORT_USR,app-server-01,pts/1,7221,SELECT,HR,TRANSACTION,SELECT * FROM EMP WHERE DEPTNO=10,904,ALTER SESSION,1395,Compliance check Q1-2026
465,2026-02-21 20:02:06,oracle,DBA_OPS,backup-srv,pts/0,1260,DELETE,HR,JOURNAL,"INSERT INTO ORDERS VALUES(:1,:2,:3,:4)",0,SYSDBA,1399,Compliance check Q1-2026
466,2026-02-07 16:26:12,dbadmin,SYSTEM,srv-oracle-02,UNKNOWN,6859,DELETE,SYS,V$SESSION,GRANT SELECT ON EMP TO REPORT_USR,942,SYSDBA,1402,Automated monitoring script
467,2026-01-05 21:37:31,dba_ops,SCOTT,app-server-02,pts/2,2334,SELECT,HR,CLIENT,SELECT * FROM DBA_OBJECTS WHERE OBJECT_TYPE='TABLE',955,UPDATE ANY TABLE,1403,
468,2026-01-23 14:12:21,system,SYSTEM,report-srv,pts/3,7613,SELECT,SYS,BUDGET,"SELECT ENAME, SAL FROM EMP ORDER BY SAL DESC",0,INSERT ANY TABLE,1406,End of day reconciliation
469,2026-01-15 15:38:10,monitor_svc,BACKUP_USR,report-srv,pts/1,1516,LOGOFF,,,,0,INSERT ANY TABLE,1412,Emergency access - incident #4521
470,2026-02-25 12:37:30,dbadmin,REPORT_USR,app-server-02,console,3743,SELECT,APP_SCHEMA,EMP,SELECT COUNT(*) FROM ORDERS WHERE STATUS='PENDING',0,DBA,1415,Routine reporting query
471,2026-01-27 07:02:30,dba_ops,SYSTEM,app-server-02,pts/3,4040,UPDATE,AUDIT_SCHEMA,ORDERS,REVOKE DBA FROM SCOTT,0,CREATE SESSION,1418,Routine reporting query
472,2026-02-14 19:13:08,dba_ops,APP_USER,srv-oracle-02,UNKNOWN,7624,SELECT,SYS,V$SESSION,SELECT * FROM EMP WHERE DEPTNO=10,0,SELECT ANY TABLE,1420,Emergency access - incident #4521
473,2026-02-19 10:55:45,sys,AUDIT_USR,monitor-01,pts/2,8798,SELECT,APP_SCHEMA,ALL_TABLES,SELECT * FROM EMP WHERE DEPTNO=10,0,SELECT ANY TABLE,1422,
474,2026-02-18 14:44:39,oracle,BACKUP_USR,monitor-01,pts/2,944,SELECT,AUDIT_SCHEMA,SALGRADE,"SELECT ENAME, SAL FROM EMP ORDER BY SAL DESC",0,CREATE SESSION,1426,End of day reconciliation
475,2026-01-30 07:23:23,reports_user,HR,backup-srv,pts/0,7939,SELECT,HR,JOURNAL,SELECT COUNT(*) FROM ORDERS WHERE STATUS='PENDING',0,SYSDBA,1427,End of day reconciliation
476,2026-01-23 14:32:43,reports_user,DBA_OPS,app-server-02,console,8729,SELECT,SYS,DEPT,"SELECT ENAME, SAL FROM EMP ORDER BY SAL DESC",0,CREATE SESSION,1432,
477,2026-02-04 23:57:18,sys,SYSTEM,app-server-02,pts/1,4824,SELECT,HR,SALGRADE,SELECT DISTINCT STATUS FROM V$SESSION,1017,CREATE SESSION,1432,Application login via connection pool
478,2026-01-18 09:44:09,appuser,AUDIT_USR,monitor-01,console,2263,SELECT,AUDIT_SCHEMA,AUDIT_LOG,SELECT * FROM EMP WHERE DEPTNO=10,0,UPDATE ANY TABLE,1437,
479,2026-01-29 06:18:12,audit_user,MONITOR,app-server-01,UNKNOWN,5446,SELECT,AUDIT_SCHEMA,V$SESSION,"SELECT ENAME, SAL FROM EMP ORDER BY SAL DESC",0,UPDATE ANY TABLE,1442,
480,2026-02-14 22:53:35,appuser,SCOTT,report-srv,pts/2,3815,SELECT,AUDIT_SCHEMA,DBA_USERS,SELECT COUNT(*) FROM ORDERS WHERE STATUS='PENDING',1031,UPDATE ANY TABLE,1443,DBA maintenance task
481,2026-02-19 07:09:22,backup_agent,APP_USER,srv-oracle-02,pts/1,2614,SELECT,AUDIT_SCHEMA,TRANSACTION,SELECT COUNT(*) FROM ORDERS WHERE STATUS='PENDING',1031,DBA,1445,Scheduled backup procedure
482,2026-01-03 16:36:08,backup_agent,SYS,monitor-01,pts/2,5733,SELECT,HR,ALL_TABLES,SELECT COUNT(*) FROM ORDERS WHERE STATUS='PENDING',0,DBA,1449,Emergency access - incident #4521
483,2026-02-04 11:34:19,dba_ops,REPORT_USR,srv-oracle-02,pts/0,9048,SELECT,APP_SCHEMA,PAYROLL,SELECT COUNT(*) FROM ORDERS WHERE STATUS='PENDING',0,CREATE TABLE,1452,Emergency access - incident #4521
484,2026-01-19 10:51:36,oracle,SCOTT,monitor-01,console,2014,UPDATE,SYS,DBA_OBJECTS,"EXECUTE DBMS_STATS.GATHER_TABLE_STATS('HR','EMP')",1031,ALTER SESSION,1453,
485,2026-02-09 13:28:22,monitor_svc,BACKUP_USR,srv-oracle-02,tty1,4653,SELECT,AUDIT_SCHEMA,DEPT,SELECT COUNT(*) FROM ORDERS WHERE STATUS='PENDING',942,SYSDBA,1456,Scheduled backup procedure
486,2026-02-04 20:43:42,monitor_svc,MONITOR,backup-srv,pts/0,6015,SELECT,APP_SCHEMA,AUDIT_LOG,"SELECT ENAME, SAL FROM EMP ORDER BY SAL DESC",1,INSERT ANY TABLE,1460,
487,2026-02-24 19:23:24,appuser,DBA_OPS,report-srv,console,1535,SELECT,SCOTT,DBA_USERS,"SELECT ENAME, SAL FROM EMP ORDER BY SAL DESC",0,SYSDBA,1465,
488,2026-01-27 20:18:10,system,HR,app-server-01,pts/3,8706,UPDATE,HR,ORDERS,DELETE FROM AUDIT_LOG WHERE TIMESTAMP < SYSDATE-90,955,CREATE TABLE,1465,Compliance check Q1-2026
489,2026-02-18 18:05:00,dba_ops,MONITOR,report-srv,pts/1,3364,SELECT,HR,ORDERS,SELECT * FROM DBA_OBJECTS WHERE OBJECT_TYPE='TABLE',0,DBA,1471,DBA maintenance task
490,2026-02-05 21:02:52,dbadmin,SYS,report-srv,pts/0,2623,SELECT,AUDIT_SCHEMA,PRODUCTS,SELECT DISTINCT STATUS FROM V$SESSION,0,ALTER SESSION,1473,
491,2026-02-23 21:07:41,audit_user,SCOTT,app-server-02,UNKNOWN,4109,LOGOFF,,,,0,SELECT ANY TABLE,1474,DBA maintenance task
492,2026-02-01 08:38:47,dba_ops,SYSTEM,app-server-01,console,9525,SELECT,APP_SCHEMA,BUDGET,"SELECT ENAME, SAL FROM EMP ORDER BY SAL DESC",904,SELECT ANY TABLE,1479,Application login via connection pool
493,2026-02-07 07:09:20,appuser,REPORT_USR,app-server-02,UNKNOWN,5932,SELECT,HR,ALL_TABLES,SELECT * FROM EMP WHERE DEPTNO=10,0,SELECT ANY TABLE,1482,DBA maintenance task
494,2026-02-03 08:32:12,backup_agent,REPORT_USR,report-srv,pts/2,5032,GRANT,AUDIT_SCHEMA,FACTURE,"INSERT INTO ORDERS VALUES(:1,:2,:3,:4)",0,ALTER SESSION,1485,Scheduled backup procedure
495,2026-02-04 17:52:09,dba_ops,AUDIT_USR,app-server-01,pts/1,1778,SELECT,SCOTT,ACCOUNTS,"SELECT ENAME, SAL FROM EMP ORDER BY SAL DESC",0,SYSDBA,1487,Performance audit
496,2026-01-15 12:50:57,audit_user,DBA_OPS,srv-oracle-01,pts/0,2250,LOGON,,,,0,SELECT ANY TABLE,1492,End of day reconciliation
497,2026-01-20 17:08:52,sys,HR,srv-oracle-02,tty1,2432,SELECT,SCOTT,TRANSACTION,SELECT * FROM EMP WHERE DEPTNO=10,942,SYSDBA,1494,Application login via connection pool
498,2026-01-14 10:05:27,audit_user,SYS,srv-oracle-02,pts/0,637,INSERT,SYS,SALGRADE,"EXECUTE DBMS_STATS.GATHER_TABLE_STATS('HR','EMP')",0,SELECT ANY TABLE,1498,Scheduled backup procedure
499,2026-01-17 07:04:19,sys,SYSTEM,backup-srv,pts/1,9727,LOGOFF,,,,0,SYSDBA,1499,
500,2026-01-23 06:05:09,system,BACKUP_USR,report-srv,UNKNOWN,4062,DELETE,SCOTT,BUDGET,GRANT SELECT ON EMP TO REPORT_USR,0,CREATE SESSION,1501,Compliance check Q1-2026
